"","Title","Genre","Premiere","Runtime","IMDB.Score","Language","origLang"
"1","Enter the Anime","Documentary","August 5, 2019",58,2.5,"Japanese","English/Japanese"
"2","Dark Forces","Horror/Thriller","August 21, 2020",81,2.6,"Spanish","Spanish"
"3","The App","Science Fiction/Fantasy","December 26, 2019",79,2.6,"Italian","Italian"
"4","The Open House","Horror/Thriller","January 19, 2018",94,3.2,"English","English"
"5","Kaali Khuhi","Horror/Thriller","October 30, 2020",90,3.4,"Hindi","Hindi"
"6","Drive","Action","November 1, 2019",147,3.5,"Hindi","Hindi"
"7","Leyla Everlasting","Comedy","December 4, 2020",112,3.7,"Turkish","Turkish"
"8","The Last Days of American Crime","Action","June 5, 2020",149,3.7,"English","English"
"9","Paradox","Musical","March 23, 2018",73,3.9,"English","English"
"10","Sardar Ka Grandson","Comedy","May 18, 2021",139,4.1,"Hindi","Hindi"
"11","Searching for Sheela","Documentary","April 22, 2021",58,4.1,"English","English"
"12","The Call","Drama","November 27, 2020",112,4.1,"Korean","Korean"
"13","Whipped","Romance","September 18, 2020",97,4.1,"Indonesian","Indonesian"
"14","All Because of You","Action","October 1, 2020",101,4.2,"Other","Malay"
"15","Mercy","Horror/Thriller","November 22, 2016",90,4.2,"English","English"
"16","After the Raid","Documentary","December 19, 2019",25,4.3,"Spanish","Spanish"
"17","Ghost Stories","Horror/Thriller","January 1, 2020",144,4.3,"Hindi","Hindi"
"18","The Last Thing He Wanted","Horror/Thriller","February 21, 2020",115,4.3,"English","English"
"19","What Happened to Mr. Cha?","Comedy","January 1, 2021",102,4.3,"Korean","Korean"
"20","Death Note","Horror/Thriller","August 25, 2017",100,4.4,"English","English"
"21","Hello Privilege. It's Me, Chelsea","Documentary","September 13, 2019",64,4.4,"English","English"
"22","Secret Obsession","Horror/Thriller","July 18, 2019",97,4.4,"English","English"
"23","Sextuplets","Comedy","August 16, 2019",99,4.4,"English","English"
"24","The Girl on the Train","Horror/Thriller","February 26, 2021",120,4.4,"Hindi","Hindi"
"25","Thunder Force","Action","April 9, 2021",105,4.4,"English","English"
"26","Fatal Affair","Horror/Thriller","July 16, 2020",89,4.5,"English","English"
"27","Just Say Yes","Romance","April 2, 2021",97,4.5,"Dutch","Dutch"
"28","Seriously Single","Comedy","July 31, 2020",107,4.5,"English","English"
"29","The Misadventures of Hedi and Cokeman","Comedy","February 10, 2021",99,4.5,"French","French"
"30","5 Star Christmas","Comedy","December 7, 2018",95,4.6,"Italian","Italian"
"31","After Maria","Documentary","May 24, 2019",37,4.6,"Spanish","English/Spanish"
"32","I Am the Pretty Thing That Lives in the House","Horror/Thriller","October 28, 2016",89,4.6,"English","English"
"33","Paris Is Us","Romance","February 22, 2019",83,4.6,"French","French"
"34","Porta dos Fundos: The First Temptation of Christ","Comedy","December 3, 2019",46,4.6,"Portuguese","Portuguese"
"35","Rattlesnake","Horror/Thriller","October 25, 2019",85,4.6,"English","English"
"36","The Players","Comedy","July 15, 2020",88,4.6,"Italian","Italian"
"37","We Are One","Documentary","July 14, 2020",86,4.6,"French","French"
"38","Finding Agnes","Drama","November 30, 2020",105,4.7,"Filipino","Filipino"
"39","IO","Science Fiction/Fantasy","January 18, 2019",95,4.7,"English","English"
"40","Sentinelle","Action","March 5, 2021",80,4.7,"French","French"
"41","Sol Levante","Animation","April 2, 2020",4,4.7,"English","English"
"42","The Binding","Drama","October 2, 2020",93,4.7,"Italian","Italian"
"43","We Can Be Heroes","Action","December 25, 2020",100,4.7,"English","English"
"44","Christmas Crossfire","Horror/Thriller","December 4, 2020",106,4.8,"German","German"
"45","Coin Heist","Action","January 6, 2017",97,4.8,"English","English"
"46","Mrs. Serial Killer","Horror/Thriller","May 1, 2020",106,4.8,"Hindi","Hindi"
"47","Nobody Sleeps in the Woods Tonight","Horror/Thriller","October 28, 2020",103,4.8,"Polish","Polish"
"48","Take the 10","Comedy","January 20, 2017",80,4.8,"English","English"
"49","The Main Event","Comedy","April 10, 2020",101,4.8,"English","English"
"50","The Ridiculous 6","Action","December 11, 2015",119,4.8,"English","English"
"51","Earth and Blood","Action","April 17, 2020",80,4.9,"French","French"
"52","Fearless","Animation","August 14, 2020",89,4.9,"English","English"
"53","Holiday Rush","Family","November 28, 2019",94,4.9,"English","English"
"54","The Day of the Lord","Drama","October 30, 2020",93,4.9,"Spanish","Spanish"
"55","Airplane Mode","Comedy","January 23, 2020",96,5,"Portuguese","Portuguese"
"56","How It Ends","Action","July 13, 2018",113,5,"English","English"
"57","Love Like the Falling Rain","Drama","October 15, 2020",86,5,"Indonesian","Indonesian"
"58","Rebirth","Horror/Thriller","July 15, 2016",100,5,"English","English"
"59","Squared Love","Romance","February 11, 2021",102,5,"Polish","Polish"
"60","Cadaver","Horror/Thriller","October 22, 2020",86,5.1,"Other","Norwegian"
"61","Clinical","Horror/Thriller","January 13, 2017",104,5.1,"English","English"
"62","Coffee & Kareem","Action","April 3, 2020",88,5.1,"English","English"
"63","Dude","Comedy","April 20, 2018",97,5.1,"English","English"
"64","Geez & Ann","Romance","February 25, 2021",105,5.1,"Indonesian","Indonesian"
"65","The Larva Island Movie","Animation","July 23, 2020",90,5.1,"English","English"
"66","#REALITYHIGH","Comedy","September 8, 2017",99,5.2,"English","English"
"67","American Factory: A Conversation with the Obamas ","Other","August 21, 2019",10,5.2,"English","English"
"68","Desperados","Romance","July 3, 2020",106,5.2,"English","English"
"69","Dolly Parton's Christmas on the Square","Musical","November 22, 2020",98,5.2,"English","English"
"70","Father of the Year","Comedy","July 20, 2018",94,5.2,"English","English"
"71","Firebrand","Drama","February 22, 2019",112,5.2,"Marathi","Marathi"
"72","Ghost Lab","Horror/Thriller","May 26, 2021",117,5.2,"Thai","Thai"
"73","Girlfriend's Day","Comedy","February 14, 2017",70,5.2,"English","English"
"74","Handsome: A Netflix Mystery Movie","Comedy","May 5, 2017",81,5.2,"English","English"
"75","Hubie Halloween","Comedy","October 7, 2020",103,5.2,"English","English"
"76","Ibiza","Comedy","May 25, 2018",94,5.2,"English","English"
"77","Rim of the World","Science Fiction/Fantasy","May 24, 2019",98,5.2,"English","English"
"78","Sandy Wexler","Comedy","April 14, 2017",131,5.2,"English","English"
"79","See You Yesterday","Science Fiction/Fantasy","May 17, 2019",87,5.2,"English","English"
"80","Still Laugh-In: The Stars Celebrate","Other","May 14, 2019",60,5.2,"English","English"
"81","Strip Down, Rise Up","Documentary","February 5, 2021",112,5.2,"English","English"
"82","Tall Girl","Comedy","September 13, 2019",102,5.2,"English","English"
"83","The Beast","Drama","November 27, 2020",99,5.2,"Italian","Italian"
"84","The Week Of","Comedy","April 27, 2018",116,5.2,"English","English"
"85","A Christmas Prince: The Royal Wedding","Romance","November 30, 2018",92,5.3,"English","English"
"86","Back to School","Comedy","August 30, 2019",83,5.3,"French","French"
"87","Dangerous Lies","Horror/Thriller","April 30, 2020",97,5.3,"English","English"
"88","Gunjan Saxena: The Kargil Girl","Drama","August 12, 2020",112,5.3,"Hindi","Hindi"
"89","Intuition","Horror/Thriller","May 28, 2020",116,5.3,"Spanish","Spanish"
"90","The Most Assassinated Woman in the World","Horror/Thriller","September 7, 2018",102,5.3,"French","French"
"91","Things Heard & Seen","Horror/Thriller","April 29, 2021",121,5.3,"English","English"
"92","To Each, Her Own","Romance","June 24, 2018",95,5.3,"French","French"
"93","Who Would You Take to a Deserted Island?","Drama","April 12, 2019",93,5.3,"Spanish","Spanish"
"94","XOXO","Drama","August 26, 2016",92,5.3,"English","English"
"95","A Babysitter's Guide to Monster Hunting","Science Fiction/Fantasy","October 15, 2020",98,5.4,"English","English"
"96","A Christmas Prince: The Royal Baby","Romance","December 5, 2019",85,5.4,"English","English"
"97","Despite Everything","Comedy","May 3, 2019",78,5.4,"Spanish","Spanish"
"98","Dolly Kitty and Those Twinkling Stars","Drama","September 18, 2020",120,5.4,"Hindi","Hindi"
"99","Freaks: You're One of Us","Science Fiction/Fantasy","September 2, 2020",92,5.4,"German","German"
"100","Game Over, Man!","Action","March 23, 2018",101,5.4,"English","English"
"101","Guilty","Horror/Thriller","March 6, 2020",119,5.4,"Hindi","Hindi"
"102","In the Tall Grass","Horror/Thriller","October 4, 2019",101,5.4,"English","English"
"103","Madame Claude","Drama","April 2, 2021",112,5.4,"French","French"
"104","Naked","Comedy","August 11, 2017",96,5.4,"English","English"
"105","Outside the Wire","Science Fiction/Fantasy","January 15, 2021",114,5.4,"English","English"
"106","The Princess Switch: Switched Again","Romance","November 19, 2020",97,5.4,"English","English"
"107","Under the Riccione Sun","Romance","July 1, 2020",101,5.4,"Italian","Italian"
"108","A Very Murray Christmas","Musical","December 4, 2015",56,5.5,"English","English"
"109","Been So Long","Musical","October 26, 2018",100,5.5,"English","English"
"110","Dead Kids","Horror/Thriller","December 1, 2019",94,5.5,"Filipino","Filipino"
"111","Get the Grift","Comedy","April 28, 2021",94,5.5,"Portuguese","Portuguese"
"112","Ghosts of Sugar Land","Documentary","October 16. 2019",21,5.5,"English","English"
"113","House Arrest","Comedy","November 15, 2019",104,5.5,"Hindi","Hindi"
"114","Kevin Hart's Guide to Black History","Other","February 8, 2019",63,5.5,"English","English"
"115","Love Wedding Repeat","Romance","April 10, 2020",100,5.5,"English","English"
"116","Mute","Science Fiction/Fantasy","February 23, 2018",126,5.5,"English","English"
"117","�l�t?r�","Action","October 2, 2020",106,5.5,"English","English"
"118","Red Dot","Horror/Thriller","February 11, 2021",86,5.5,"Swedish","Swedish"
"119","Ride or Die","Horror/Thriller","April 15, 2021",142,5.5,"Japanese","Japanese"
"120","Step Sisters","Comedy","January 19, 2018",108,5.5,"English","English"
"121","The Cloverfield Paradox","Science Fiction/Fantasy","February 4, 2018",102,5.5,"English","English"
"122","The Knight Before Christmas","Romance","November 21, 2019",92,5.5,"English","English"
"123","The Legacy of a Whitetail Deer Hunter","Action","July 6, 2018",83,5.5,"English","English"
"124","The Package","Comedy","August 10, 2018",94,5.5,"English","English"
"125","Unicorn Store","Comedy","April 5, 2019",92,5.5,"English","English"
"126","Wine Country","Comedy","May 10, 2019",103,5.5,"English","English"
"127","Bomb Scared","Comedy","October 12, 2017",89,5.6,"Spanish","Spanish/Basque"
"128","Brahman Naman","Comedy","July 7, 2016",95,5.6,"English","English"
"129","Double Dad","Comedy","January 15, 2021",103,5.6,"Portuguese","Portuguese"
"130","Falling Inn Love","Romance","August 29, 2019",97,5.6,"English","English"
"131","Hold the Dark","Horror/Thriller","September 28, 2018",125,5.6,"English","English"
"132","Love, Guaranteed","Romance","September 3, 2020",91,5.6,"English","English"
"133","One-Way to Tomorrow","Romance","June 19, 2020",90,5.6,"Turkish","Turkish"
"134","Sarah Cooper: Everything's Fine","Other","October 27, 2020",49,5.6,"English","English"
"135","The Last Laugh","Comedy","January 11, 2019",98,5.6,"English","English"
"136","The Last Paradiso","Romance","February 5, 2021",107,5.6,"Italian","Italian"
"137","The Midnight Sky","Science Fiction/Fantasy","December 23, 2020",118,5.6,"English","English"
"138","The Paramedic","Horror/Thriller","September 16, 2020",94,5.6,"Spanish","Spanish"
"139","The Sleepover","Comedy","August 21, 2020",103,5.6,"English","English"
"140","Vampires vs. the Bronx","Horror/Thriller","October 2, 2020",86,5.6,"English","English"
"141","Why Did You Kill Me?","Documentary","April 14, 2021",83,5.6,"English","English"
"142","A Week Away","Musical","March 26, 2021",97,5.7,"English","English"
"143","Caught by a Wave","Romance","March 25, 2021",99,5.7,"Italian","Italian"
"144","Christmas Inheritance","Romance","December 15, 2017",104,5.7,"English","English"
"145","Dad Wanted","Family","September 11, 2020",102,5.7,"Spanish","Spanish"
"146","El Camino Christmas","Comedy","December 8, 2017",89,5.7,"English","English"
"147","Eli","Horror/Thriller","October 18, 2019",98,5.7,"English","English"
"148","Ginny Weds Sunny","Romance","October 9, 2020",125,5.7,"Hindi","Hindi"
"149","Good Sam","Drama","May 16, 2019",89,5.7,"English","English"
"150","Lionheart","Comedy","January 4, 2019",94,5.7,"English","English"
"151","Little Evil","Horror/Thriller","September 1, 2017",94,5.7,"English","English"
"152","One Take","Documentary","June 18, 2020",85,5.7,"Thai","Thai"
"153","Out of Many, One","Documentary","December 12, 2018",34,5.7,"English","English"
"154","Point Blank","Action","July 12, 2019",86,5.7,"English","English"
"155","Prime Time","Horror/Thriller","April 14, 2021",91,5.7,"Polish","Polish"
"156","The Do-Over","Action","May 27, 2016",108,5.7,"English","English"
"157","The Holiday Calendar","Romance","November 2, 2018",95,5.7,"English","English"
"158","The Woman in the Window","Horror/Thriller","May 14, 2021",100,5.7,"English","English"
"159","The Wrong Missy","Comedy","May 13, 2020",90,5.7,"English","English"
"160","Velvet Buzzsaw","Horror/Thriller","February 1, 2019",112,5.7,"English","English"
"161","Yes Day","Comedy","March 12, 2021",86,5.7,"English","English"
"162","15 August","Comedy","March 29, 2019",124,5.8,"Marathi","Marathi"
"163","A California Christmas","Romance","December 14, 2020",107,5.8,"English","English"
"164","A Christmas Prince","Romance","November 17, 2017",92,5.8,"English","English"
"165","All Day and a Night","Drama","May 1, 2020",121,5.8,"English","English"
"166","American Son","Drama","November 1, 2019",90,5.8,"English","English"
"167","Barry","Biopic","December 16, 2016",104,5.8,"English","English"
"168","Candy Jar","Comedy","April 27, 2018",92,5.8,"English","English"
"169","Choked: Paisa Bolta Hai","Drama","June 5, 2020",114,5.8,"Hindi","Hindi"
"170","Class of '83","Drama","August 21, 2020",98,5.8,"Hindi","Hindi"
"171","Extinction","Science Fiction/Fantasy","July 27, 2018",95,5.8,"English","English"
"172","Happy Anniversary","Romance","March 30, 2018",78,5.8,"English","English"
"173","I Am All Girls","Horror/Thriller","May 14, 2021",107,5.8,"English","English"
"174","Let It Snow","Romance","November 8, 2019",92,5.8,"English","English"
"175","Mascots","Other","October 13, 2016",95,5.8,"English","English"
"176","Operation Christmas Drop","Romance","November 5, 2020",96,5.8,"English","English"
"177","Rajma Chawal","Comedy","November 30, 2018",118,5.8,"Hindi","Hindi"
"178","Rich in Love","Romance","April 30, 2020",105,5.8,"Portuguese","Portuguese"
"179","Rising High","Other","April 17, 2020",94,5.8,"German","German"
"180","Rodney King","Other","April 28, 2017",52,5.8,"English","English"
"181","Sierra Burgess Is a Loser","Romance","September 7, 2018",105,5.8,"English","English"
"182","Small Crimes","Comedy","April 28, 2017",95,5.8,"English","English"
"183","Special Correspondents","Other","April 29, 2016",100,5.8,"English","English"
"184","TAU","Science Fiction/Fantasy","June 29, 2018",97,5.8,"English","English"
"185","The After Party","Comedy","August 24, 2018",89,5.8,"English","English"
"186","The Babysitter: Killer Queen","Horror/Thriller","September 10, 2020",102,5.8,"English","English"
"187","The Claus Family","Science Fiction/Fantasy","December 7, 2020",96,5.8,"Dutch","Dutch"
"188","The Kissing Booth 2","Romance","July 24, 2020",131,5.8,"English","English"
"189","The Perfect Date","Romance","April 12, 2019",89,5.8,"English","English"
"190","What We Wanted","Drama","November 11, 2020",93,5.8,"German","German"
"191","You've Got This","Romance","October 2, 2020",111,5.8,"Spanish","Spanish"
"192","6 Balloons","Drama","April 6, 2018",75,5.9,"English","English"
"193","A Fall from Grace","Horror/Thriller","January 17, 2020",120,5.9,"English","English"
"194","Amateur","Drama","April 6, 2018",96,5.9,"English","English"
"195","Army of the Dead","Action","May 21, 2021",148,5.9,"English","English"
"196","Cam","Horror/Thriller","November 16, 2018",94,5.9,"English","English"
"197","Earthquake Bird","Horror/Thriller","November 15, 2019",107,5.9,"English","English"
"198","Frankenstein's Monster's Monster, Frankenstein","Other","July 16, 2019",32,5.9,"English","English"
"199","Horse Girl","Drama","February 7, 2020",104,5.9,"English","English"
"200","Notes from Dunblane: Lesson from a School Shooting","Documentary","September 28, 2018",23,5.9,"English","English"
"201","Maska","Romance","March 27, 2020",111,5.9,"Hindi","Hindi"
"202","The Decline","Horror/Thriller","March 27, 2020",83,5.9,"French","French"
"203","The Minimalists: Less Is Now","Documentary","January 1, 2021",53,5.9,"English","English"
"204","The Polka King","Comedy","January 12, 2018",95,5.9,"English","English"
"205","The Prom","Musical","December 11, 2020",132,5.9,"English","English"
"206","True Memoirs of an International Assassin","Action","November 11, 2016",98,5.9,"English","English"
"207","Ultras","Drama","March 20, 2020",108,5.9,"Italian","Italian"
"208","Come Sunday","Biopic","April 13, 2018",106,6,"English","English"
"209","Forgive Us Our Debts","Drama","May 4, 2018",104,6,"Italian","Italian"
"210","iBoy","Science Fiction/Fantasy","January 27, 2017",90,6,"English","English"
"211","Lovefucked","Drama","August 9, 2019",106,6,"Hindi","Hindi"
"212","Juanita","Drama","March 8, 2019",90,6,"English","English"
"213","Murder Mystery","Horror/Thriller","June 14, 2019",97,6,"English","English"
"214","Project Power","Action","August 14, 2020",113,6,"English","English"
"215","Rebecca","Romance","October 21, 2020",123,6,"English","English"
"216","The Christmas Chronicles: Part Two","Comedy","November 25, 2020",115,6,"English","English"
"217","The Kissing Booth","Romance","May 11, 2018",105,6,"English","English"
"218","The Princess Switch","Romance","November 16, 2018",101,6,"English","English"
"219","To All the Boys: P.S. I Still Love You","Romance","February 12, 2020",102,6,"English","English"
"220","War Machine","Action","May 26, 2017",122,6,"English","English"
"221","6 Underground","Action","December 13, 2019",128,6.1,"English","English"
"222","Between Two Ferns: The Movie","Comedy","September 20, 2019",82,6.1,"English","English"
"223","Burning Sands","Drama","March 10, 2017",102,6.1,"English","English"
"224","Casting JonBenet","Documentary","April 28, 2017",80,6.1,"English","English"
"225","Deidra & Laney Rob a Train","Drama","March 17, 2017",94,6.1,"English","English"
"226","Finding 'Ohana","Family","January 29, 2021",123,6.1,"English","English"
"227","Holidate","Romance","October 28, 2020",104,6.1,"English","English"
"228","Holiday in the Wild","Action","November 1, 2019",85,6.1,"English","English"
"229","Hot Girls Wanted","Documentary","May 29, 2015",84,6.1,"English","English"
"230","Like Father","Comedy","August 3, 2018",103,6.1,"English","English"
"231","Lost Girls","Action","March 13, 2020",95,6.1,"English","English"
"232","Otherhood","Comedy","August 2, 2019",100,6.1,"English","English"
"233","Pee-wee's Big Holiday","Action","March 18, 2016",89,6.1,"English","English"
"234","Rogue City","Action","October 30, 2020",116,6.1,"French","French"
"235","Sergio","Biopic","April 17, 2020",118,6.1,"English","English"
"236","Stuck Apart","Drama","January 8, 2021",96,6.1,"Turkish","Turkish"
"237","Tersanjung the Movie","Drama","April 1, 2021",114,6.1,"Indonesian","Indonesian"
"238","The Killer","Action","November 10, 2017",99,6.1,"Portuguese","Portuguese"
"239","The Lovebirds","Romance","May 22, 2020",87,6.1,"English","English"
"240","The Most Hated Woman in America","Biopic","March 24, 2017",92,6.1,"English","English"
"241","The Perfection","Horror/Thriller","May 24, 2019",90,6.1,"English","English"
"242","Tribhanga � Tedhi Medhi Crazy","Drama","January 15, 2021",95,6.1,"Hindi","Hindi"
"243","Unknown Origins","Horror/Thriller","August 28, 2020",96,6.1,"Spanish","Spanish"
"244","Work It","Comedy","August 7, 2020",93,6.1,"English","English"
"245","Alien Xmas","Animation","November 20, 2020",42,6.2,"English","English"
"246","Baggio: The Divine Ponytail","Biopic","May 26, 2021",92,6.2,"Italian","Italian"
"247","Below Zero","Drama","January 29, 2021",106,6.2,"Spanish","Spanish"
"248","Citation","Drama","November 6, 2020",151,6.2,"English","English"
"249","Crazy Awesome Teachers","Comedy","August 17, 2020",101,6.2,"Indonesian","Indonesian"
"250","Have You Ever Seen Fireflies?","Comedy","April 9, 2021",114,6.2,"Turkish","Turkish"
"251","High Flying Bird","Drama","February 8, 2019",90,6.2,"English","English"
"252","In the Shadow of the Moon","Horror/Thriller","September 27, 2019",115,6.2,"English","English"
"253","Lost Bullet","Horror/Thriller","June 19, 2020",92,6.2,"French","French"
"254","Octonauts & the Caves of Sac Actun","Animation","August 14, 2020",72,6.2,"English","English"
"255","Offering to the Storm","Horror/Thriller","July 24, 2020",139,6.2,"Spanish","Spanish"
"256","Roxanne Roxanne","Biopic","March 23, 2018",98,6.2,"English","English"
"257","Someone Great","Romance","April 19, 2019",92,6.2,"English","English"
"258","Spenser Confidential","Action","March 6, 2020",111,6.2,"English","English"
"259","The Land of Steady Habits","Drama","September 14, 2018",98,6.2,"English","English"
"260","The Rachel Divide","Documentary","April 27, 2018",104,6.2,"English","English"
"261","Voyuer ","Documentary","December 1, 2017",95,6.2,"English","English"
"262","Win It All","Comedy","April 7, 2017",88,6.2,"English","English"
"263","1922","Action","October 20, 2017",102,6.3,"English","English"
"264","A Tale of Two Kitchens","Documentary","May 22, 2019",30,6.3,"Spanish","English/Spanish"
"265","Alex Strangelove","Romance","June 8, 2018",99,6.3,"English","English"
"266","Apostle","Horror/Thriller","October 12, 2018",129,6.3,"English","English"
"267","Benji","Family","March 16, 2018",87,6.3,"English","English"
"268","Bright","Science Fiction/Fantasy","December 22, 2017",117,6.3,"English","English"
"269","Cargo","Horror/Thriller","May 18, 2018",104,6.3,"English","English"
"270","Concrete Cowboy","Drama","April 2, 2021",111,6.3,"English","English"
"271","Feel the Beat","Family","June 19, 2020",107,6.3,"English","English"
"272","Get the Goat","Comedy","March 18, 2021",97,6.3,"Portuguese","Portuguese"
"273","I Am Not an Easy Man","Romance","April 13, 2018",98,6.3,"French","French"
"274","June & Kopi","Drama","January 28, 2021",90,6.3,"Indonesian","Indonesian"
"275","Music Teacher","Drama","April 19, 2019",101,6.3,"Hindi","Hindi"
"276","Nail Bomber: Manhunt","Documentary","May 26, 2021",72,6.3,"English","English"
"277","Notes for My Son","Drama","November 24, 2020",83,6.3,"Spanish","Spanish"
"278","Polar","Action","January 25, 2019",118,6.3,"English","English"
"279","Porta dos Fundos: The Last Hangover","Comedy","December 21, 2018",44,6.3,"Portuguese","Portuguese"
"280","Sand Castle","Action","April 21, 2017",113,6.3,"English","English"
"281","Shimmer Lake","Action","June 9, 2017",86,6.3,"English","English"
"282","Spectral","Science Fiction/Fantasy","December 9, 2016",108,6.3,"English","English"
"283","The Babysitter","Horror/Thriller","October 13, 2017",85,6.3,"English","English"
"284","The Discovery","Science Fiction/Fantasy","March 31, 2017",102,6.3,"English","English"
"285","The Forest of Love","Drama","October 11, 2019",151,6.3,"Japanese","Japanese"
"286","The Laundromat","Comedy","October 18, 2019",98,6.3,"English","English"
"287","The Legend of Cocaine Island","Documentary","March 29, 2019",87,6.3,"English","English"
"288","The Outsider","Action","March 9, 2018",120,6.3,"Japanese","English/Japanese"
"289","Time to Hunt","Horror/Thriller","April 23, 2020",134,6.3,"Korean","Korean"
"290","To All the Boys: Always and Forever","Romance","February 12, 2021",109,6.3,"English","English"
"291","Travis Scott: Look Mom I Can Fly","Documentary","August 28, 2019",85,6.3,"English","English"
"292","Uncorked","Drama","March 27, 2020",103,6.3,"English","English"
"293","Anelka: Misunderstood","Documentary","August 5, 2020",94,6.4,"French","French"
"294","Ariana Grande: Excuse Me, I Love You","Musical","December 21, 2020",97,6.4,"English","English"
"295","ARQ","Science Fiction/Fantasy","September 16, 2016",88,6.4,"English","English"
"296","Birders","Documentary","September 25, 2019",37,6.4,"Spanish","English/Spanish"
"297","Como Ca�do del Cielo","Musical","December 24, 2019",112,6.4,"Spanish","Spanish"
"298","First Match","Drama","March 30, 2018",102,6.4,"English","English"
"299","Fractured","Horror/Thriller","October 11, 2019",100,6.4,"English","English"
"300","Irreplaceable You","Drama","February 16, 2018",96,6.4,"English","English"
"301","Isi & Ossi","Romance","February 14, 2020",113,6.4,"German","German"
"302","John Was Trying to Contact Aliens","Documentary","August 20, 2020",16,6.4,"English","English"
"303","Layla Majnun","Romance","February 11, 2021",119,6.4,"Indonesian","Indonesian"
"304","Murder to Mercy: The Cyntoia Brown Story","Documentary","April 29, 2020",97,6.4,"English","English"
"305","My Own Man","Documentary","December 13, 2014",81,6.4,"English","English"
"306","Nappily Ever After","Comedy","September 21, 2018",98,6.4,"English","English"
"307","Over the Moon","Animation","October 23, 2020",95,6.4,"English","English"
"308","Street Flow","Drama","October 12, 2019",96,6.4,"French","French"
"309","Strong Island","Documentary","September 15. 2017",107,6.4,"English","English"
"310","Sturgill Simpson Presents: Sound & Fury","Animation","September 27, 2019",41,6.4,"English","English"
"311","Take Your Pills","Documentary","March 16, 2018",87,6.4,"English","English"
"312","The Heartbreak Club","Comedy","January 14, 2021",101,6.4,"Indonesian","Indonesian"
"313","The Mars Generation","Documentary","May 5, 2017",97,6.4,"English","English"
"314","The Occupant","Horror/Thriller","March 25, 2020",103,6.4,"Spanish","Spanish"
"315","The Willoughbys","Animation","April 22, 2020",90,6.4,"English","English"
"316","Triple Frontier","Action","March 13, 2019",125,6.4,"English","English"
"317","Two Catalonias","Documentary","September 28, 2018",116,6.4,"Spanish","Spanish/Catalan"
"318","Walk. Ride. Rodeo.","Drama","March 8, 2019",99,6.4,"English","English"
"319","Wheelman","Action","October 20, 2017",82,6.4,"English","English"
"320","When We First Met","Romance","February 9, 2018",97,6.4,"English","English"
"321","A 3 Minute Hug","Documentary","October 28, 2019",28,6.5,"Spanish","English/Spanish"
"322","All the Bright Places","Romance","February 28, 2020",108,6.5,"English","English"
"323","All Together Now","Drama","August 28, 2020",93,6.5,"English","English"
"324","Altered Carbon: Resleeved","Animation","March 19, 2020",74,6.5,"Japanese","Japanese"
"325","Antoine Griezmann: The Making of a Legend","Documentary","March 21, 2019",60,6.5,"French","French"
"326","Canvas ","Animation","December 11, 2020",9,6.5,"English","English"
"327","Chadwick Boseman: Portrait of an Artist","Documentary","April 17, 2021",21,6.5,"English","English"
"328","Chopsticks","Comedy","May 31, 2019",100,6.5,"Hindi","Hindi"
"329","Da 5 Bloods","Action","June 12, 2020",155,6.5,"English","English"
"330","Dolly Parton: A MusiCares Tribute","Documentary","April 7, 2021",55,6.5,"English","English"
"331","Eurovision Song Contest: The Story of Fire Saga","Musical","June 26, 2020",123,6.5,"English","English"
"332","Gerald's Game","Horror/Thriller","September 29, 2017",103,6.5,"English","English"
"333","His House","Horror/Thriller","October 30, 2020",93,6.5,"English","English"
"334","Jingle Jangle: A Christmas Journey","Musical","November 13, 2020",119,6.5,"English","English"
"335","Life Overtakes Me","Documentary","June 14, 2019",40,6.5,"Swedish","English/Swedish"
"336","Lust Stories","Drama","June 15, 2018",120,6.5,"Hindi","Hindi"
"337","Monster","Drama","May 7, 2021",98,6.5,"English","English"
"338","Mowgli: Legend of the Jungle","Action","December 7, 2018",104,6.5,"English","English"
"339","Nobody Knows I'm Here","Drama","June 24, 2020",91,6.5,"Spanish","Spanish"
"340","Nobody Speak: Trials of the Free Press","Documentary","June 23, 2017",95,6.5,"English","English"
"341","Oxygen","Science Fiction/Fantasy","May 12, 2021",101,6.5,"French","French"
"342","Set It Up","Romance","June 15, 2018",105,6.5,"English","English"
"343","The Incredible Jessica James","Comedy","July 28, 2017",83,6.5,"English","English"
"344","Tigertail","Drama","April 10, 2020",91,6.5,"Other","English/Taiwanese/Mandarin"
"345","Tramps","Romance","April 21, 2017",83,6.5,"English","English"
"346","What Did Jack Do?","Drama","January 20, 2020",17,6.5,"English","English"
"347","Bad Trip","Comedy","March 26, 2021",86,6.6,"English","English"
"348","Bird Box","Horror/Thriller","December 21, 2018",124,6.6,"English","English"
"349","Bulbbul","Horror/Thriller","June 24, 2020",94,6.6,"Hindi","Hindi"
"350","Crazy About Her","Romance","February 26, 2021",102,6.6,"Spanish","Spanish"
"351","Elisa & Marcela","Romance","June 7, 2019",118,6.6,"Spanish","Spanish"
"352","I'll Sleep When I'm Dead","Documentary","August 19, 2016",79,6.6,"English","English"
"353","I'm Thinking of Ending Things","Horror/Thriller","September 4, 2020",134,6.6,"English","English"
"354","It Takes a Lunatic","Documentary","October 25, 2019",126,6.6,"English","English"
"355","Milestone","Drama","May 7, 2021",98,6.6,"Hindi","Hindi"
"356","Recovery Boys","Documentary","June 29, 2018",89,6.6,"English","English"
"357","ReMastered: Who Killed Jam Master Jay?","Documentary","December 7, 2018",58,6.6,"English","English"
"358","Shawn Mendes: In Wonder","Documentary","November 23, 2020",83,6.6,"English","English"
"359","Space Sweepers","Science Fiction/Fantasy","February 5, 2021",136,6.6,"Korean","Korean"
"360","The American Meme","Documentary","December 7, 2018",98,6.6,"English","English"
"361","The Angel","Horror/Thriller","September 14, 2018",114,6.6,"English","English"
"362","The Crimes That Bind","Action","August 20, 2020",99,6.6,"Spanish","Spanish"
"363","The Red Sea Diving Resort","Horror/Thriller","July 31, 2019",130,6.6,"English","English"
"364","What Would Sophia Loren Do?","Documentary","January 15, 2021",32,6.6,"English","English"
"365","A Whisker Away","Animation","June 18, 2020",104,6.7,"Japanese","Japanese"
"366","Ajeeb Daastaans","Drama","April 16, 2021",142,6.7,"Hindi","Hindi"
"367","Arlo the Alligator Boy","Musical","April 16, 2021",92,6.7,"English","English"
"368","Bikram: Yogi, Guru, Predator","Documentary","November 20, 2019",86,6.7,"English","English"
"369","Blame!","Animation","May 20, 2017",106,6.7,"Japanese","Japanese"
"370","Blue Miracle","Drama","May 27, 2021",95,6.7,"English","English"
"371","CounterPunch ","Documentary","June 16, 2017",91,6.7,"English","English"
"372","Crack: Cocaine, Corruption & Conspiracy","Documentary","January 11, 2021",89,6.7,"English","English"
"373","Extraction","Action","April 24, 2020",117,6.7,"English","English"
"374","Giving Voice","Documentary","December 11, 2020",90,6.7,"English","English"
"375","Hillbilly Elegy","Drama","November 24, 2020",117,6.7,"English","English"
"376","Hope Frozen: A Quest to Live Twice","Documentary","September 15, 2020",80,6.7,"Other","Thia/English"
"377","Imperial Dreams","Drama","February 3, 2017",87,6.7,"English","English"
"378","Just Another Christmas","Comedy","December 3, 2020",101,6.7,"Portuguese","Portuguese"
"379","Little Miss Sumo","Documentary","October 28, 2019",19,6.7,"Japanese","Japanese"
"380","Malcolm & Marie","Romance","February 5, 2021",106,6.7,"English","English"
"381","Michael Bolton's Big, Sexy, Valentine's Day Special","Other","February 7, 2017",54,6.7,"English","English"
"382","Moxie","Drama","March 3, 2021",111,6.7,"English","English"
"383","Night in Paradise","Drama","April 9, 2021",132,6.7,"Korean","Korean"
"384","Paper Lives","Drama","March 12, 2021",97,6.7,"Turkish","Turkish"
"385","Parchis: The Documentary","Documentary","July 10, 2019",106,6.7,"Spanish","Spanish"
"386","Tallulah","Comedy","July 29, 2016",111,6.7,"English","English"
"387","The Old Guard","Action","July 10, 2020",124,6.7,"English","English"
"388","Tony Robbins: I Am Not Your Guru","Documentary","July 15. 2016",116,6.7,"English","English"
"389","Upstarts","Drama","October 18, 2019",112,6.7,"Hindi","Hindi"
"390","22 July","Drama","October 10, 2018",144,6.8,"English","English"
"391","7 a�os","Drama","October 28, 2016",76,6.8,"Spanish","Spanish"
"392","A Futile and Stupid Gesture","Comedy","January 26, 2018",101,6.8,"English","English"
"393","A Life of Speed: The Juan Manuel Fangio Story","Documentary","March 20, 2020",92,6.8,"Spanish","Spanish"
"394","A Love Song for Latasha","Documentary","September 21, 2020",19,6.8,"English","English"
"395","All in My Family","Documentary","May 3, 2019",39,6.8,"Mandarin","English/Mandarin"
"396","Always Be My Maybe","Romance","May 31, 2019",102,6.8,"English","English"
"397","Becoming","Documentary","May 6, 2020",89,6.8,"English","English"
"398","Long Live Brij Mohan","Comedy","August 3, 2018",105,6.8,"Hindi","Hindi"
"399","Calibre","Horror/Thriller","June 29, 2018",101,6.8,"English","English"
"400","Death to 2020","Comedy","December 27, 2020",70,6.8,"English","English"
"401","GIMS: On the Record","Documentary","September 17, 2020",96,6.8,"French","French"
"402","Have a Good Trip: Adventures in Psychedelics","Documentary","May 11, 2020",85,6.8,"English","English"
"403","Heroin(e) ","Documentary","September 12, 2017",39,6.8,"English","English"
"404","Mercury 13","Documentary","April 20, 2018",79,6.8,"English","English"
"405","Saving Capitalism","Documentary","November 21, 2017",73,6.8,"English","English"
"406","Serious Men","Drama","October 2, 2020",114,6.8,"Hindi","Hindi"
"407","The Boys in the Band","Drama","September 30, 2020",121,6.8,"English","English"
"408","The Boys in the Band: Something Personal","Other","September 30, 2020",28,6.8,"English","English"
"409","The Life Ahead","Drama","November 13, 2020",95,6.8,"Italian","Italian"
"410","The Other Side of the Wind","Drama","November 2, 2018",122,6.8,"English","English"
"411","The Trader","Documentary","February 9, 2018",23,6.8,"Other","Georgian"
"412","To the Bone","Drama","July 14, 2017",107,6.8,"English","English"
"413","Tony Parker: The Final Shot","Documentary","January 6, 2021",98,6.8,"French","French"
"414","AK vs AK","Horror/Thriller","December 24, 2020",108,6.9,"Hindi","Hindi"
"415","Amanda Knox","Documentary","September 30, 2016",92,6.9,"English","English"
"416","Bigflo & Oil: Hip Hop Frenzy","Documentary","October 8, 2020",100,6.9,"French","French"
"417","Biggie: I Got a Story to Tell","Documentary","March 1, 2021",97,6.9,"English","English"
"418","Cops and Robbers","Animation","December 28, 2020",7,6.9,"English","English"
"419","I Don't Feel at Home in This World Anymore","Drama","February 24, 2017",96,6.9,"English","English"
"420","Laerte-se","Documentary","May 19, 2017",100,6.9,"Portuguese","Portuguese"
"421","Mank","Biopic","December 4, 2020",132,6.9,"English","English"
"422","Our Souls at Night","Romance","September 29, 2017",103,6.9,"English","English"
"423","Outlaw King","Action","November 9, 2018",121,6.9,"English","English"
"424","Pagglait","Comedy","March 26, 2021",114,6.9,"Hindi","Hindi"
"425","ReMastered: Who Shot the Sheriff?","Documentary","October 12, 2018",57,6.9,"English","English"
"426","Seeing Allred","Documentary","February 9, 2018",95,6.9,"English","English"
"427","Spelling the Dream","Documentary","June 3, 2020",83,6.9,"English","English"
"428","The Claudia Kishi Club","Documentary","July 10, 2020",17,6.9,"English","English"
"429","The Half of It","Romance","May 1, 2020",105,6.9,"English","English"
"430","The Highwaymen","Action","March 29, 2019",131,6.9,"English","English"
"431","The Lonely Island Presents: The Unauthorized Bash Brothers Experience","Musical","May 23, 2019",30,6.9,"English","English"
"432","The Meyerowitz Stories (New and Selected)","Comedy","October 13, 2017",112,6.9,"English","English"
"433","Feminists: What Were They Thinking?","Documentary","October 12, 2018",86,7,"English","English"
"434","Gaga: Five Foot Two","Documentary","September 22, 2017",100,7,"English","English"
"435","I'm No Longer Here: A Discussion with Guillermo del Toro and Alfonso Cuaron","Other","November 3, 2020",14,7,"English","English"
"436","Kingdom of Us","Documentary","October 13, 2017",109,7,"English","English"
"437","Lorena, Light-Footed Woman","Documentary","November 20, 2019",28,7,"Spanish","Spanish"
"438","Los Tigres del Norte at Folsom Prison","Documentary","September 15, 2019",64,7,"Spanish","Spanish"
"439","Ma Rainey's Black Bottom","Drama","December 18, 2020",94,7,"English","English"
"440","Ma Rainey's Black Bottom: A Legacy Brought to Screen","Other","December 18, 2020",31,7,"English","English"
"441","Operation Varsity Blues: The College Admissions Scandal","Documentary","March 17, 2021",99,7,"English","English"
"442","Pele","Documentary","February 23, 2021",108,7,"English","English"
"443","ReMastered: Devil at the Crossroads","Documentary","April 26, 2019",48,7,"English","English"
"444","ReMastered: The Lion's Share","Documentary","May 17, 2019",84,7,"English","English"
"445","ReMastered: The Miami Showband Massacre","Documentary","March 22, 2019",70,7,"English","English"
"446","Resurface","Documentary","September 1, 2017",27,7,"English","English"
"447","Rocko's Modern Life: Static Cling","Animation","August 9, 2019",45,7,"English","English"
"448","Rose Island","Comedy","December 9, 2020",117,7,"Italian","Italian"
"449","The Christmas Chronicles","Science Fiction/Fantasy","November 22, 2018",104,7,"English","English"
"450","The Dirt","Biopic","March 22, 2019",108,7,"English","English"
"451","The Night Comes for Us","Action","October 19, 2018",121,7,"Indonesian","Indonesian"
"452","13th: A Conversation with Oprah Winfrey & Ava DuVernay","Other","January 26, 2017",36,7.1,"English","English"
"453","Angela's Christmas","Animation","November 30, 2018",30,7.1,"English","English"
"454","Angela's Christmas Wish","Animation","December 1, 2020",47,7.1,"English","English"
"455","Beats","Drama","June 19, 2019",110,7.1,"English","English"
"456","Circus of Books","Documentary","April 22, 2020",92,7.1,"English","English"
"457","Dance Dreams: Hot Chocolate Nutcracker","Documentary","November 27, 2020",80,7.1,"English","English"
"458","Derren Brown: Sacrifice","Other","October 19, 2018",49,7.1,"English","English"
"459","El Pepe: A Supreme Life","Documentary","December 27, 2019",73,7.1,"Spanish","Spanish"
"460","End Game","Documentary","May 4, 2018",40,7.1,"English","English"
"461","Evelyn","Documentary","September 10, 2019",96,7.1,"English","English"
"462","Ferry","Action","May 14, 2021",106,7.1,"Dutch","Dutch"
"463","Grass Is Greener","Documentary","April 20, 2019",97,7.1,"English","English"
"464","Guillermo Vilas: Settling the Score","Documentary","October 27, 2020",94,7.1,"Spanish","Spanish"
"465","Joshua: Teenager vs. Superpower","Documentary","May 26, 2017",78,7.1,"English","English"
"466","Keith Richards: Under the Influence","Documentary","September 18, 2015",81,7.1,"English","English"
"467","Knock Down the House","Documentary","May 1, 2019",87,7.1,"English","English"
"468","Loudon Wainwright III: Surviving Twin","Other","November 13, 2018",91,7.1,"English","English"
"469","My Beautiful Broken Brain","Documentary","March 18, 2016",91,7.1,"English","English"
"470","One of Us","Documentary","October 20, 2017",95,7.1,"English","English"
"471","Pieces of a Woman","Drama","January 7, 2021",126,7.1,"English","English"
"472","Ram Dass, Going Home","Documentary","April 6, 2018",31,7.1,"English","English"
"473","ReMastered: Tricky Dick & the Man in Black","Documentary","November 2, 2018",58,7.1,"English","English"
"474","Rooting for Roona","Documentary","October 15, 2020",41,7.1,"Other","Bengali"
"475","The Devil All the Time","Horror/Thriller","September 16, 2020",138,7.1,"English","English"
"476","The Dig","Drama","January 29, 2021",112,7.1,"English","English"
"477","The Great Hack","Documentary","July 24, 2019",114,7.1,"English","English"
"478","The White Tiger","Drama","January 22, 2021",125,7.1,"English","English"
"479","To All the Boys I've Loved Before","Romance","August 17, 2018",99,7.1,"English","English"
"480","American Murder: The Family Next Door","Documentary","September 30, 2020",82,7.2,"English","English"
"481","Audrie & Daisy","Documentary","September 23, 2016",98,7.2,"English","English"
"482","First They Killed My Father","Drama","September 15, 2017",136,7.2,"Other","Khmer/English/French"
"483","Fyre: The Greatest Party That Never Happened","Documentary","January 18, 2019",97,7.2,"English","English"
"484","Into the Inferno","Documentary","October 28, 2016",107,7.2,"English","English"
"485","LA Originals","Documentary","April 10, 2020",92,7.2,"English","English"
"486","Ladies First","Documentary","March 8, 2018",39,7.2,"Hindi","English/Hindi"
"487","Love per Square Foot","Romance","February 14, 2018",133,7.2,"Hindi","Hindi"
"488","Paddleton","Comedy","February 22, 2019",89,7.2,"English","English"
"489","Private Life","Drama","October 5, 2018",124,7.2,"English","English"
"490","Seventeen","Comedy","October 18, 2019",99,7.2,"Spanish","Spanish"
"491","Sometimes","Drama","May 1, 2018",101,7.2,"Other","Tamil"
"492","Soni","Action","January 18, 2019",97,7.2,"Hindi","Hindi"
"493","The 40-Year-Old Version","Comedy","October 9, 2020",124,7.2,"English","English"
"494","The Disciple","Drama","April 30, 2021",129,7.2,"Marathi","Marathi"
"495","The Edge of Democracy","Documentary","June 19, 2019",121,7.2,"Portuguese","Portuguese"
"496","The King","Action","November 1, 2019",140,7.2,"English","English"
"497","The Road to El Camino: A Breaking Bad Movie","Other","October 29, 2019",13,7.2,"English","English"
"498","The Siege of Jadotville","Action","October 7, 2016",108,7.2,"English","English"
"499","Zion ","Documentary","August 10, 2018",11,7.2,"English","English"
"500","Dolemite Is My Name","Biopic","October 25, 2019",118,7.3,"English","English"
"501","El Camino: A Breaking Bad Movie","Action","October 11, 2019",121,7.3,"English","English"
"502","Extremis","Documentary","September 13, 2016",24,7.3,"English","English"
"503","Father Soldier Son","Documentary","July 17, 2020",100,7.3,"English","English"
"504","Get Me Roger Stone","Documentary","May 12, 2017",101,7.3,"English","English"
"505","I'm No Longer Here","Drama","May 27, 2020",105,7.3,"Spanish","Spanish"
"506","Mucho Mucho Amor: The Legend of Walter Mercado ","Documentary","July 8, 2020",96,7.3,"Spanish","Spanish/English"
"507","Octonauts & the Great Barrier Reef","Animation","October 13, 2020",47,7.3,"English","English"
"508","Okja","Action","June 28, 2017",121,7.3,"Korean","English/Korean"
"509","On My Skin","Action","September 12, 2018",100,7.3,"Italian","Italian"
"510","Raat Akeli Hai","Horror/Thriller","July 31, 2020",149,7.3,"Hindi","Hindi"
"511","ReMastered: Massacre at the Stadium","Documentary","January 11, 2019",64,7.3,"Spanish","English/Spanish"
"512","ReMastered: The Two Killings of Sam Cooke","Documentary","February 8, 2019",64,7.3,"English","English"
"513","Secrets of the Saqqara Tomb","Documentary","October 28, 2020",114,7.3,"Other","English/Arabic"
"514","Sitara: Let Girls Dream","Animation","March 8, 2020",15,7.3,"English","English"
"515","Sky Ladder: The Art of Cai Guo-Qiang","Documentary","October 14, 2016",79,7.3,"Mandarin","English/Mandarin"
"516","Team Foxcatcher","Documentary","April 29, 2016",90,7.3,"Other","English/Russian"
"517","The Ballad of Buster Scruggs","Action","November 16, 2018",132,7.3,"English","English"
"518","The Death and Life of Marsha P. Johnson","Documentary","October 6, 2017",105,7.3,"English","English"
"519","The Fundamentals of Caring","Comedy","June 24, 2016",97,7.3,"English","English"
"520","The Other One: The Long Strange Trip of Bob Weir","Documentary","May 22, 2015",83,7.3,"English","English"
"521","American Factory","Documentary","August 21, 2019",110,7.4,"English","English"
"522","Fire in Paradise","Documentary","November 1, 2019",39,7.4,"English","English"
"523","Long Shot","Documentary","September 29, 2017",40,7.4,"English","English"
"524","Miss Americana","Documentary","January 31, 2020",85,7.4,"English","English"
"525","Period. End of Sentence.","Documentary","February 12, 2019",26,7.4,"Hindi","English/Hindi"
"526","Shawn Mendes: Live in Concert","Musical","November 25, 2020",87,7.4,"English","English"
"527","Shirkers","Documentary","October 26, 2018",97,7.4,"English","English"
"528","The Black Godfather","Documentary","June 7, 2019",118,7.4,"English","English"
"529","The Irishman: In Conversation","Other","November 27, 2019",23,7.4,"English","English"
"530","The Speed Cubers","Documentary","July 29, 2020",40,7.4,"English","English"
"531","They'll Love Me When I'm Dead","Documentary","November 2, 2018",98,7.4,"English","English"
"532","Tig","Documentary","July 17, 2015",80,7.4,"English","English"
"533","Barbra: The Music, The Mem'ries, The Magic!","Musical","November 22, 2017",108,7.5,"English","English"
"534","Blackpink: Light Up the Sky","Documentary","October 14, 2020",79,7.5,"Korean","Korean"
"535","City of Joy","Documentary","September 7, 2018",74,7.5,"English","English"
"536","Dick Johnson Is Dead","Documentary","October 2, 2020",90,7.5,"English","English"
"537","Homecoming: A Film by Beyonce ","Documentary","April 17, 2019",137,7.5,"English","English"
"538","Invader Zim: Enter the Florpus","Animation","August 16, 2019",71,7.5,"English","English"
"539","Joan Didion: The Center Will Not Hold","Documentary","October 27. 2017",98,7.5,"English","English"
"540","John Mulaney & the Sack Lunch Bunch","Other","December 24, 2019",70,7.5,"English","English"
"541","Reversing Roe","Documentary","September 13, 2018",99,7.5,"English","English"
"542","The White Helmets","Documentary","September 16. 2016",40,7.5,"English","English"
"543","Athlete A","Documentary","June 24, 2020",104,7.6,"English","English"
"544","Ludo","Comedy","November 12, 2020",149,7.6,"Hindi","Hindi"
"545","Quincy","Documentary","September 21, 2018",124,7.6,"English","English"
"546","Rolling Thunder Revue: A bob Dylan Story by Martin Scorsere","Documentary","June 12, 2019",144,7.6,"English","English"
"547","Tell Me Who I Am","Documentary","October 18, 2019",85,7.6,"English","English"
"548","The Bleeding Edge","Documentary","July 27, 2018",100,7.6,"English","English"
"549","The Social Dilemma","Documentary","September 9, 2020",94,7.6,"English","English"
"550","The Two Popes","Drama","December 20, 2019",125,7.6,"English","English"
"551","What Happened, Miss Simone?","Documentary","June 26, 2015",84,7.6,"English","English"
"552","Yeh Ballet","Drama","February 21, 2020",117,7.6,"Hindi","Hindi"
"553","Anima","Musical","June 27, 2019",15,7.7,"English","English"
"554","Beasts of No Nation","Action","October 16, 2015",136,7.7,"Other","English/Akan"
"555","Brene Brown: The Call to Courage","Documentary","April 19, 2019",76,7.7,"English","English"
"556","Crip Camp: A Disability Revolution","Documentary","March 25, 2020",108,7.7,"English","English"
"557","Jim & Andy: The Great Beyond - Featuring a Very Special, Contractually Obligated Mention of Tony Cliffton ","Documentary","November 17, 2017",94,7.7,"English","English"
"558","Justin Timberlake + The Tennessee Kids","Musical","October 12, 2016",90,7.7,"English","English"
"559","Road to Roma","Other","February 11, 2020",72,7.7,"Spanish","Spanish"
"560","Roma","Drama","December 14, 2018",135,7.7,"Spanish","Spanish"
"561","If Anything Happens I Love You","Animation","November 20, 2020",12,7.8,"English","English"
"562","The Irishman","Action","November 27, 2019",209,7.8,"English","English"
"563","The Trial of the Chicago 7","Drama","October 16, 2020",130,7.8,"English","English"
"564","A Secret Love","Documentary","April 29, 2020",82,7.9,"English","English"
"565","Icarus","Documentary","August 4, 2017",120,7.9,"English","English"
"566","Marriage Story","Drama","December 6, 2019",136,7.9,"English","English"
"567","The Ivory Game","Documentary","November 4, 2016",112,7.9,"English","English"
"568","Struggle: The Life and Lost Art of Szukaiski","Documentary","December 21, 2018",105,8,"English","English"
"569","Chasing Coral ","Documentary","July 14, 2017",89,8.1,"English","English"
"570","My Octopus Teacher","Documentary","September 7, 2020",85,8.1,"English","English"
"571","Rising Phoenix","Documentary","August 26, 2020",106,8.1,"English","English"
"572","13th","Documentary","October 7, 2016",100,8.2,"English","English"
"573","Disclosure: Trans Lives on Screen","Documentary","June 19, 2020",107,8.2,"English","English"
"574","Klaus","Animation","November 15, 2019",97,8.2,"English","English"
"575","Seaspiracy","Documentary","March 24, 2021",89,8.2,"English","English"
"576","The Three Deaths of Marisela Escobedo","Documentary","October 14, 2020",109,8.2,"Spanish","Spanish"
"577","Cuba and the Cameraman ","Documentary","November 24, 2017",114,8.3,"English","English"
"578","Dancing with the Birds","Documentary","October 23, 2019",51,8.3,"English","English"
"579","Ben Platt: Live from Radio City Music Hall","Musical","May 20, 2020",85,8.4,"English","English"
"580","Taylor Swift: Reputation Stadium Tour","Musical","December 31, 2018",125,8.4,"English","English"
"581","Winter on Fire: Ukraine's Fight for Freedom","Documentary","October 9, 2015",91,8.4,"Other","English/Ukranian/Russian"
"582","Springsteen on Broadway","Other","December 16, 2018",153,8.5,"English","English"
"583","Emicida: AmarElo - It's All For Yesterday","Documentary","December 8, 2020",89,8.6,"Portuguese","Portuguese"
"584","David Attenborough: A Life on Our Planet","Documentary","October 4, 2020",83,9,"English","English"
