,Title,Genre,Premiere,Runtime,IMDB.Score,Language,origLang
305,My Own Man,Documentary,12/13/2014,81,6.4,English,English
520,The Other One: The Long Strange Trip of Bob Weir,Documentary,5/22/2015,83,7.3,English,English
229,Hot Girls Wanted,Documentary,5/29/2015,84,6.1,English,English
551,"What Happened, Miss Simone?",Documentary,6/26/2015,84,7.6,English,English
532,Tig,Documentary,7/17/2015,80,7.4,English,English
466,Keith Richards: Under the Influence,Documentary,9/18/2015,81,7.1,English,English
581,Winter on Fire: Ukraine's Fight for Freedom,Documentary,10/09/2015,91,8.4,Other,English/Ukranian/Russian
554,Beasts of No Nation,Action,10/16/2015,136,7.7,Other,English/Akan
108,A Very Murray Christmas,Musical,12/04/2015,56,5.5,English,English
50,The Ridiculous 6,Action,12/11/2015,119,4.8,English,English
233,Pee-wee's Big Holiday,Action,3/18/2016,89,6.1,English,English
469,My Beautiful Broken Brain,Documentary,3/18/2016,91,7.1,English,English
183,Special Correspondents,Other,4/29/2016,100,5.8,English,English
516,Team Foxcatcher,Documentary,4/29/2016,90,7.3,Other,English/Russian
156,The Do-Over,Action,5/27/2016,108,5.7,English,English
519,The Fundamentals of Caring,Comedy,6/24/2016,97,7.3,English,English
128,Brahman Naman,Comedy,07/07/2016,95,5.6,English,English
58,Rebirth,Horror/Thriller,7/15/2016,100,5,English,English
388,Tony Robbins: I Am Not Your Guru,Documentary,7/15/2016,116,6.7,English,English
386,Tallulah,Comedy,7/29/2016,111,6.7,English,English
352,I'll Sleep When I'm Dead,Documentary,8/19/2016,79,6.6,English,English
94,XOXO,Drama,8/26/2016,92,5.3,English,English
502,Extremis,Documentary,9/13/2016,24,7.3,English,English
295,ARQ,Sci-Fi/Fantasy,9/16/2016,88,6.4,English,English
542,The White Helmets,Documentary,9/16/2016,40,7.5,English,English
481,Audrie & Daisy,Documentary,9/23/2016,98,7.2,English,English
415,Amanda Knox,Documentary,9/30/2016,92,6.9,English,English
498,The Siege of Jadotville,Action,10/07/2016,108,7.2,English,English
572,13th,Documentary,10/07/2016,100,8.2,English,English
558,Justin Timberlake + The Tennessee Kids,Musical,10/12/2016,90,7.7,English,English
175,Mascots,Other,10/13/2016,95,5.8,English,English
515,Sky Ladder: The Art of Cai Guo-Qiang,Documentary,10/14/2016,79,7.3,Mandarin,English/Mandarin
32,I Am the Pretty Thing That Lives in the House,Horror/Thriller,10/28/2016,89,4.6,English,English
391,7 años,Drama,10/28/2016,76,6.8,Spanish,Spanish
484,Into the Inferno,Documentary,10/28/2016,107,7.2,English,English
567,The Ivory Game,Documentary,11/04/2016,112,7.9,English,English
206,True Memoirs of an International Assassin,Action,11/11/2016,98,5.9,English,English
15,Mercy,Horror/Thriller,11/22/2016,90,4.2,English,English
282,Spectral,Sci-Fi/Fantasy,12/09/2016,108,6.3,English,English
167,Barry,Biopic,12/16/2016,104,5.8,English,English
45,Coin Heist,Action,01/06/2017,97,4.8,English,English
61,Clinical,Horror/Thriller,1/13/2017,104,5.1,English,English
48,Take the 10,Comedy,1/20/2017,80,4.8,English,English
452,13th: A Conversation with Oprah Winfrey & Ava DuVernay,Other,1/26/2017,36,7.1,English,English
210,iBoy,Sci-Fi/Fantasy,1/27/2017,90,6,English,English
377,Imperial Dreams,Drama,02/03/2017,87,6.7,English,English
381,"Michael Bolton's Big, Sexy, Valentine's Day Special",Other,02/07/2017,54,6.7,English,English
73,Girlfriend's Day,Comedy,2/14/2017,70,5.2,English,English
419,I Don't Feel at Home in This World Anymore,Drama,2/24/2017,96,6.9,English,English
223,Burning Sands,Drama,03/10/2017,102,6.1,English,English
225,Deidra & Laney Rob a Train,Drama,3/17/2017,94,6.1,English,English
240,The Most Hated Woman in America,Biopic,3/24/2017,92,6.1,English,English
284,The Discovery,Sci-Fi/Fantasy,3/31/2017,102,6.3,English,English
262,Win It All,Comedy,04/07/2017,88,6.2,English,English
78,Sandy Wexler,Comedy,4/14/2017,131,5.2,English,English
280,Sand Castle,Action,4/21/2017,113,6.3,English,English
345,Tramps,Romance,4/21/2017,83,6.5,English,English
180,Rodney King,Other,4/28/2017,52,5.8,English,English
182,Small Crimes,Comedy,4/28/2017,95,5.8,English,English
224,Casting JonBenet,Documentary,4/28/2017,80,6.1,English,English
74,Handsome: A Netflix Mystery Movie,Comedy,05/05/2017,81,5.2,English,English
313,The Mars Generation,Documentary,05/05/2017,97,6.4,English,English
504,Get Me Roger Stone,Documentary,05/12/2017,101,7.3,English,English
420,Laerte-se,Documentary,5/19/2017,100,6.9,Portuguese,Portuguese
369,Blame!,Animation,5/20/2017,106,6.7,Japanese,Japanese
220,War Machine,Action,5/26/2017,122,6,English,English
465,Joshua: Teenager vs. Superpower,Documentary,5/26/2017,78,7.1,English,English
281,Shimmer Lake,Action,06/09/2017,86,6.3,English,English
371,CounterPunch ,Documentary,6/16/2017,91,6.7,English,English
340,Nobody Speak: Trials of the Free Press,Documentary,6/23/2017,95,6.5,English,English
508,Okja,Action,6/28/2017,121,7.3,Korean,English/Korean
412,To the Bone,Drama,7/14/2017,107,6.8,English,English
569,Chasing Coral ,Documentary,7/14/2017,89,8.1,English,English
343,The Incredible Jessica James,Comedy,7/28/2017,83,6.5,English,English
565,Icarus,Documentary,08/04/2017,120,7.9,English,English
104,Naked,Comedy,08/11/2017,96,5.4,English,English
20,Death Note,Horror/Thriller,8/25/2017,100,4.4,English,English
151,Little Evil,Horror/Thriller,09/01/2017,94,5.7,English,English
446,Resurface,Documentary,09/01/2017,27,7,English,English
66,#REALITYHIGH,Comedy,09/08/2017,99,5.2,English,English
403,Heroin(e) ,Documentary,09/12/2017,39,6.8,English,English
309,Strong Island,Documentary,9/15/2017,107,6.4,English,English
482,First They Killed My Father,Drama,9/15/2017,136,7.2,Other,Khmer/English/French
434,Gaga: Five Foot Two,Documentary,9/22/2017,100,7,English,English
332,Gerald's Game,Horror/Thriller,9/29/2017,103,6.5,English,English
422,Our Souls at Night,Romance,9/29/2017,103,6.9,English,English
523,Long Shot,Documentary,9/29/2017,40,7.4,English,English
518,The Death and Life of Marsha P. Johnson,Documentary,10/06/2017,105,7.3,English,English
127,Bomb Scared,Comedy,10/12/2017,89,5.6,Spanish,Spanish/Basque
283,The Babysitter,Horror/Thriller,10/13/2017,85,6.3,English,English
432,The Meyerowitz Stories (New and Selected),Comedy,10/13/2017,112,6.9,English,English
436,Kingdom of Us,Documentary,10/13/2017,109,7,English,English
263,1922,Action,10/20/2017,102,6.3,English,English
319,Wheelman,Action,10/20/2017,82,6.4,English,English
470,One of Us,Documentary,10/20/2017,95,7.1,English,English
539,Joan Didion: The Center Will Not Hold,Documentary,10/27/2017,98,7.5,English,English
238,The Killer,Action,11/10/2017,99,6.1,Portuguese,Portuguese
164,A Christmas Prince,Romance,11/17/2017,92,5.8,English,English
557,"Jim & Andy: The Great Beyond - Featuring a Very Special, Contractually Obligated Mention of Tony Cliffton ",Documentary,11/17/2017,94,7.7,English,English
405,Saving Capitalism,Documentary,11/21/2017,73,6.8,English,English
533,"Barbra: The Music, The Mem'ries, The Magic!",Musical,11/22/2017,108,7.5,English,English
577,Cuba and the Cameraman ,Documentary,11/24/2017,114,8.3,English,English
261,Voyuer ,Documentary,12/01/2017,95,6.2,English,English
146,El Camino Christmas,Comedy,12/08/2017,89,5.7,English,English
144,Christmas Inheritance,Romance,12/15/2017,104,5.7,English,English
268,Bright,Sci-Fi/Fantasy,12/22/2017,117,6.3,English,English
204,The Polka King,Comedy,01/12/2018,95,5.9,English,English
4,The Open House,Horror/Thriller,1/19/2018,94,3.2,English,English
120,Step Sisters,Comedy,1/19/2018,108,5.5,English,English
392,A Futile and Stupid Gesture,Comedy,1/26/2018,101,6.8,English,English
121,The Cloverfield Paradox,Sci-Fi/Fantasy,02/04/2018,102,5.5,English,English
320,When We First Met,Romance,02/09/2018,97,6.4,English,English
411,The Trader,Documentary,02/09/2018,23,6.8,Other,Georgian
426,Seeing Allred,Documentary,02/09/2018,95,6.9,English,English
487,Love per Square Foot,Romance,2/14/2018,133,7.2,Hindi,Hindi
300,Irreplaceable You,Drama,2/16/2018,96,6.4,English,English
116,Mute,Sci-Fi/Fantasy,2/23/2018,126,5.5,English,English
486,Ladies First,Documentary,03/08/2018,39,7.2,Hindi,English/Hindi
288,The Outsider,Action,03/09/2018,120,6.3,Japanese,English/Japanese
267,Benji,Family,3/16/2018,87,6.3,English,English
311,Take Your Pills,Documentary,3/16/2018,87,6.4,English,English
9,Paradox,Musical,3/23/2018,73,3.9,English,English
100,"Game Over, Man!",Action,3/23/2018,101,5.4,English,English
256,Roxanne Roxanne,Biopic,3/23/2018,98,6.2,English,English
172,Happy Anniversary,Romance,3/30/2018,78,5.8,English,English
298,First Match,Drama,3/30/2018,102,6.4,English,English
192,6 Balloons,Drama,04/06/2018,75,5.9,English,English
194,Amateur,Drama,04/06/2018,96,5.9,English,English
472,"Ram Dass, Going Home",Documentary,04/06/2018,31,7.1,English,English
208,Come Sunday,Biopic,4/13/2018,106,6,English,English
273,I Am Not an Easy Man,Romance,4/13/2018,98,6.3,French,French
63,Dude,Comedy,4/20/2018,97,5.1,English,English
404,Mercury 13,Documentary,4/20/2018,79,6.8,English,English
84,The Week Of,Comedy,4/27/2018,116,5.2,English,English
168,Candy Jar,Comedy,4/27/2018,92,5.8,English,English
260,The Rachel Divide,Documentary,4/27/2018,104,6.2,English,English
491,Sometimes,Drama,05/01/2018,101,7.2,Other,Tamil
209,Forgive Us Our Debts,Drama,05/04/2018,104,6,Italian,Italian
460,End Game,Documentary,05/04/2018,40,7.1,English,English
217,The Kissing Booth,Romance,05/11/2018,105,6,English,English
269,Cargo,Horror/Thriller,5/18/2018,104,6.3,English,English
76,Ibiza,Comedy,5/25/2018,94,5.2,English,English
265,Alex Strangelove,Romance,06/08/2018,99,6.3,English,English
336,Lust Stories,Drama,6/15/2018,120,6.5,Hindi,Hindi
342,Set It Up,Romance,6/15/2018,105,6.5,English,English
92,"To Each, Her Own",Romance,6/24/2018,95,5.3,French,French
184,TAU,Sci-Fi/Fantasy,6/29/2018,97,5.8,English,English
356,Recovery Boys,Documentary,6/29/2018,89,6.6,English,English
399,Calibre,Horror/Thriller,6/29/2018,101,6.8,English,English
123,The Legacy of a Whitetail Deer Hunter,Action,07/06/2018,83,5.5,English,English
56,How It Ends,Action,7/13/2018,113,5,English,English
70,Father of the Year,Comedy,7/20/2018,94,5.2,English,English
171,Extinction,Sci-Fi/Fantasy,7/27/2018,95,5.8,English,English
548,The Bleeding Edge,Documentary,7/27/2018,100,7.6,English,English
230,Like Father,Comedy,08/03/2018,103,6.1,English,English
398,Long Live Brij Mohan,Comedy,08/03/2018,105,6.8,Hindi,Hindi
124,The Package,Comedy,08/10/2018,94,5.5,English,English
499,Zion ,Documentary,08/10/2018,11,7.2,English,English
479,To All the Boys I've Loved Before,Romance,8/17/2018,99,7.1,English,English
185,The After Party,Comedy,8/24/2018,89,5.8,English,English
90,The Most Assassinated Woman in the World,Horror/Thriller,09/07/2018,102,5.3,French,French
181,Sierra Burgess Is a Loser,Romance,09/07/2018,105,5.8,English,English
535,City of Joy,Documentary,09/07/2018,74,7.5,English,English
509,On My Skin,Action,09/12/2018,100,7.3,Italian,Italian
541,Reversing Roe,Documentary,9/13/2018,99,7.5,English,English
259,The Land of Steady Habits,Drama,9/14/2018,98,6.2,English,English
361,The Angel,Horror/Thriller,9/14/2018,114,6.6,English,English
306,Nappily Ever After,Comedy,9/21/2018,98,6.4,English,English
545,Quincy,Documentary,9/21/2018,124,7.6,English,English
131,Hold the Dark,Horror/Thriller,9/28/2018,125,5.6,English,English
200,Notes from Dunblane: Lesson from a School Shooting,Documentary,9/28/2018,23,5.9,English,English
317,Two Catalonias,Documentary,9/28/2018,116,6.4,Spanish,Spanish/Catalan
489,Private Life,Drama,10/05/2018,124,7.2,English,English
390,22-éåì,Drama,10/10/2018,144,6.8,English,English
266,Apostle,Horror/Thriller,10/12/2018,129,6.3,English,English
425,ReMastered: Who Shot the Sheriff?,Documentary,10/12/2018,57,6.9,English,English
433,Feminists: What Were They Thinking?,Documentary,10/12/2018,86,7,English,English
451,The Night Comes for Us,Action,10/19/2018,121,7,Indonesian,Indonesian
458,Derren Brown: Sacrifice,Other,10/19/2018,49,7.1,English,English
109,Been So Long,Musical,10/26/2018,100,5.5,English,English
527,Shirkers,Documentary,10/26/2018,97,7.4,English,English
157,The Holiday Calendar,Romance,11/02/2018,95,5.7,English,English
410,The Other Side of the Wind,Drama,11/02/2018,122,6.8,English,English
473,ReMastered: Tricky Dick & the Man in Black,Documentary,11/02/2018,58,7.1,English,English
531,They'll Love Me When I'm Dead,Documentary,11/02/2018,98,7.4,English,English
423,Outlaw King,Action,11/09/2018,121,6.9,English,English
468,Loudon Wainwright III: Surviving Twin,Other,11/13/2018,91,7.1,English,English
196,Cam,Horror/Thriller,11/16/2018,94,5.9,English,English
218,The Princess Switch,Romance,11/16/2018,101,6,English,English
517,The Ballad of Buster Scruggs,Action,11/16/2018,132,7.3,English,English
449,The Christmas Chronicles,Sci-Fi/Fantasy,11/22/2018,104,7,English,English
85,A Christmas Prince: The Royal Wedding,Romance,11/30/2018,92,5.3,English,English
177,Rajma Chawal,Comedy,11/30/2018,118,5.8,Hindi,Hindi
453,Angela's Christmas,Animation,11/30/2018,30,7.1,English,English
30,5 Star Christmas,Comedy,12/07/2018,95,4.6,Italian,Italian
338,Mowgli: Legend of the Jungle,Action,12/07/2018,104,6.5,English,English
357,ReMastered: Who Killed Jam Master Jay?,Documentary,12/07/2018,58,6.6,English,English
360,The American Meme,Documentary,12/07/2018,98,6.6,English,English
153,"Out of Many, One",Documentary,12/12/2018,34,5.7,English,English
560,Roma,Drama,12/14/2018,135,7.7,Spanish,Spanish
582,Springsteen on Broadway,Other,12/16/2018,153,8.5,English,English
279,Porta dos Fundos: The Last Hangover,Comedy,12/21/2018,44,6.3,Portuguese,Portuguese
348,Bird Box,Horror/Thriller,12/21/2018,124,6.6,English,English
568,Struggle: The Life and Lost Art of Szukaiski,Documentary,12/21/2018,105,8,English,English
580,Taylor Swift: Reputation Stadium Tour,Musical,12/31/2018,125,8.4,English,English
150,Lionheart,Comedy,01/04/2019,94,5.7,English,English
135,The Last Laugh,Comedy,01/11/2019,98,5.6,English,English
511,ReMastered: Massacre at the Stadium,Documentary,01/11/2019,64,7.3,Spanish,English/Spanish
39,IO,Sci-Fi/Fantasy,1/18/2019,95,4.7,English,English
483,Fyre: The Greatest Party That Never Happened,Documentary,1/18/2019,97,7.2,English,English
492,Soni,Action,1/18/2019,97,7.2,Hindi,Hindi
278,Polar,Action,1/25/2019,118,6.3,English,English
160,Velvet Buzzsaw,Horror/Thriller,02/01/2019,112,5.7,English,English
114,Kevin Hart's Guide to Black History,Other,02/08/2019,63,5.5,English,English
251,High Flying Bird,Drama,02/08/2019,90,6.2,English,English
512,ReMastered: The Two Killings of Sam Cooke,Documentary,02/08/2019,64,7.3,English,English
525,Period. End of Sentence.,Documentary,02/12/2019,26,7.4,Hindi,English/Hindi
33,Paris Is Us,Romance,2/22/2019,83,4.6,French,French
71,Firebrand,Drama,2/22/2019,112,5.2,Marathi,Marathi
488,Paddleton,Comedy,2/22/2019,89,7.2,English,English
212,Juanita,Drama,03/08/2019,90,6,English,English
318,Walk. Ride. Rodeo.,Drama,03/08/2019,99,6.4,English,English
316,Triple Frontier,Action,3/13/2019,125,6.4,English,English
325,Antoine Griezmann: The Making of a Legend,Documentary,3/21/2019,60,6.5,French,French
445,ReMastered: The Miami Showband Massacre,Documentary,3/22/2019,70,7,English,English
450,The Dirt,Biopic,3/22/2019,108,7,English,English
162,15-àåâ,Comedy,3/29/2019,124,5.8,Marathi,Marathi
287,The Legend of Cocaine Island,Documentary,3/29/2019,87,6.3,English,English
430,The Highwaymen,Action,3/29/2019,131,6.9,English,English
125,Unicorn Store,Comedy,04/05/2019,92,5.5,English,English
93,Who Would You Take to a Deserted Island?,Drama,04/12/2019,93,5.3,Spanish,Spanish
189,The Perfect Date,Romance,04/12/2019,89,5.8,English,English
537,Homecoming: A Film by Beyonce ,Documentary,4/17/2019,137,7.5,English,English
257,Someone Great,Romance,4/19/2019,92,6.2,English,English
275,Music Teacher,Drama,4/19/2019,101,6.3,Hindi,Hindi
555,Brene Brown: The Call to Courage,Documentary,4/19/2019,76,7.7,English,English
463,Grass Is Greener,Documentary,4/20/2019,97,7.1,English,English
443,ReMastered: Devil at the Crossroads,Documentary,4/26/2019,48,7,English,English
467,Knock Down the House,Documentary,05/01/2019,87,7.1,English,English
97,Despite Everything,Comedy,05/03/2019,78,5.4,Spanish,Spanish
395,All in My Family,Documentary,05/03/2019,39,6.8,Mandarin,English/Mandarin
126,Wine Country,Comedy,05/10/2019,103,5.5,English,English
80,Still Laugh-In: The Stars Celebrate,Other,5/14/2019,60,5.2,English,English
149,Good Sam,Drama,5/16/2019,89,5.7,English,English
79,See You Yesterday,Sci-Fi/Fantasy,5/17/2019,87,5.2,English,English
444,ReMastered: The Lion's Share,Documentary,5/17/2019,84,7,English,English
264,A Tale of Two Kitchens,Documentary,5/22/2019,30,6.3,Spanish,English/Spanish
431,The Lonely Island Presents: The Unauthorized Bash Brothers Experience,Musical,5/23/2019,30,6.9,English,English
31,After Maria,Documentary,5/24/2019,37,4.6,Spanish,English/Spanish
77,Rim of the World,Sci-Fi/Fantasy,5/24/2019,98,5.2,English,English
241,The Perfection,Horror/Thriller,5/24/2019,90,6.1,English,English
328,Chopsticks,Comedy,5/31/2019,100,6.5,Hindi,Hindi
396,Always Be My Maybe,Romance,5/31/2019,102,6.8,English,English
351,Elisa & Marcela,Romance,06/07/2019,118,6.6,Spanish,Spanish
528,The Black Godfather,Documentary,06/07/2019,118,7.4,English,English
546,Rolling Thunder Revue: A bob Dylan Story by Martin Scorsere,Documentary,06/12/2019,144,7.6,English,English
213,Murder Mystery,Horror/Thriller,6/14/2019,97,6,English,English
335,Life Overtakes Me,Documentary,6/14/2019,40,6.5,Swedish,English/Swedish
455,Beats,Drama,6/19/2019,110,7.1,English,English
495,The Edge of Democracy,Documentary,6/19/2019,121,7.2,Portuguese,Portuguese
553,Anima,Musical,6/27/2019,15,7.7,English,English
385,Parchis: The Documentary,Documentary,07/10/2019,106,6.7,Spanish,Spanish
154,Point Blank,Action,07/12/2019,86,5.7,English,English
198,"Frankenstein's Monster's Monster, Frankenstein",Other,7/16/2019,32,5.9,English,English
22,Secret Obsession,Horror/Thriller,7/18/2019,97,4.4,English,English
477,The Great Hack,Documentary,7/24/2019,114,7.1,English,English
363,The Red Sea Diving Resort,Horror/Thriller,7/31/2019,130,6.6,English,English
232,Otherhood,Comedy,08/02/2019,100,6.1,English,English
1,Enter the Anime,Documentary,08/05/2019,58,2.5,Japanese,English/Japanese
211,Lovefucked,Drama,08/09/2019,106,6,Hindi,Hindi
447,Rocko's Modern Life: Static Cling,Animation,08/09/2019,45,7,English,English
23,Sextuplets,Comedy,8/16/2019,99,4.4,English,English
538,Invader Zim: Enter the Florpus,Animation,8/16/2019,71,7.5,English,English
67,American Factory: A Conversation with the Obamas ,Other,8/21/2019,10,5.2,English,English
521,American Factory,Documentary,8/21/2019,110,7.4,English,English
291,Travis Scott: Look Mom I Can Fly,Documentary,8/28/2019,85,6.3,English,English
130,Falling Inn Love,Romance,8/29/2019,97,5.6,English,English
86,Back to School,Comedy,8/30/2019,83,5.3,French,French
461,Evelyn,Documentary,09/10/2019,96,7.1,English,English
21,"Hello Privilege. It's Me, Chelsea",Documentary,9/13/2019,64,4.4,English,English
82,Tall Girl,Comedy,9/13/2019,102,5.2,English,English
438,Los Tigres del Norte at Folsom Prison,Documentary,9/15/2019,64,7,Spanish,Spanish
222,Between Two Ferns: The Movie,Comedy,9/20/2019,82,6.1,English,English
296,Birders,Documentary,9/25/2019,37,6.4,Spanish,English/Spanish
252,In the Shadow of the Moon,Horror/Thriller,9/27/2019,115,6.2,English,English
310,Sturgill Simpson Presents: Sound & Fury,Animation,9/27/2019,41,6.4,English,English
102,In the Tall Grass,Horror/Thriller,10/04/2019,101,5.4,English,English
285,The Forest of Love,Drama,10/11/2019,151,6.3,Japanese,Japanese
299,Fractured,Horror/Thriller,10/11/2019,100,6.4,English,English
501,El Camino: A Breaking Bad Movie,Action,10/11/2019,121,7.3,English,English
308,Street Flow,Drama,10/12/2019,96,6.4,French,French
112,Ghosts of Sugar Land,Documentary,10/16/2019,21,5.5,English,English
147,Eli,Horror/Thriller,10/18/2019,98,5.7,English,English
286,The Laundromat,Comedy,10/18/2019,98,6.3,English,English
389,Upstarts,Drama,10/18/2019,112,6.7,Hindi,Hindi
490,Seventeen,Comedy,10/18/2019,99,7.2,Spanish,Spanish
547,Tell Me Who I Am,Documentary,10/18/2019,85,7.6,English,English
578,Dancing with the Birds,Documentary,10/23/2019,51,8.3,English,English
35,Rattlesnake,Horror/Thriller,10/25/2019,85,4.6,English,English
354,It Takes a Lunatic,Documentary,10/25/2019,126,6.6,English,English
500,Dolemite Is My Name,Biopic,10/25/2019,118,7.3,English,English
321,A 3 Minute Hug,Documentary,10/28/2019,28,6.5,Spanish,English/Spanish
379,Little Miss Sumo,Documentary,10/28/2019,19,6.7,Japanese,Japanese
497,The Road to El Camino: A Breaking Bad Movie,Other,10/29/2019,13,7.2,English,English
6,Drive,Action,11/01/2019,147,3.5,Hindi,Hindi
166,American Son,Drama,11/01/2019,90,5.8,English,English
228,Holiday in the Wild,Action,11/01/2019,85,6.1,English,English
496,The King,Action,11/01/2019,140,7.2,English,English
522,Fire in Paradise,Documentary,11/01/2019,39,7.4,English,English
174,Let It Snow,Romance,11/08/2019,92,5.8,English,English
113,House Arrest,Comedy,11/15/2019,104,5.5,Hindi,Hindi
197,Earthquake Bird,Horror/Thriller,11/15/2019,107,5.9,English,English
574,Klaus,Animation,11/15/2019,97,8.2,English,English
368,"Bikram: Yogi, Guru, Predator",Documentary,11/20/2019,86,6.7,English,English
437,"Lorena, Light-Footed Woman",Documentary,11/20/2019,28,7,Spanish,Spanish
122,The Knight Before Christmas,Romance,11/21/2019,92,5.5,English,English
529,The Irishman: In Conversation,Other,11/27/2019,23,7.4,English,English
562,The Irishman,Action,11/27/2019,209,7.8,English,English
53,Holiday Rush,Family,11/28/2019,94,4.9,English,English
110,Dead Kids,Horror/Thriller,12/01/2019,94,5.5,Filipino,Filipino
34,Porta dos Fundos: The First Temptation of Christ,Comedy,12/03/2019,46,4.6,Portuguese,Portuguese
96,A Christmas Prince: The Royal Baby,Romance,12/05/2019,85,5.4,English,English
566,Marriage Story,Drama,12/06/2019,136,7.9,English,English
221,6 Underground,Action,12/13/2019,128,6.1,English,English
16,After the Raid,Documentary,12/19/2019,25,4.3,Spanish,Spanish
550,The Two Popes,Drama,12/20/2019,125,7.6,English,English
297,Como Caído del Cielo,Musical,12/24/2019,112,6.4,Spanish,Spanish
540,John Mulaney & the Sack Lunch Bunch,Other,12/24/2019,70,7.5,English,English
3,The App,Sci-Fi/Fantasy,12/26/2019,79,2.6,Italian,Italian
459,El Pepe: A Supreme Life,Documentary,12/27/2019,73,7.1,Spanish,Spanish
17,Ghost Stories,Horror/Thriller,01/01/2020,144,4.3,Hindi,Hindi
193,A Fall from Grace,Horror/Thriller,1/17/2020,120,5.9,English,English
346,What Did Jack Do?,Drama,1/20/2020,17,6.5,English,English
55,Airplane Mode,Comedy,1/23/2020,96,5,Portuguese,Portuguese
524,Miss Americana,Documentary,1/31/2020,85,7.4,English,English
199,Horse Girl,Drama,02/07/2020,104,5.9,English,English
559,Road to Roma,Other,02/11/2020,72,7.7,Spanish,Spanish
219,To All the Boys: P.S. I Still Love You,Romance,02/12/2020,102,6,English,English
301,Isi & Ossi,Romance,2/14/2020,113,6.4,German,German
18,The Last Thing He Wanted,Horror/Thriller,2/21/2020,115,4.3,English,English
552,Yeh Ballet,Drama,2/21/2020,117,7.6,Hindi,Hindi
322,All the Bright Places,Romance,2/28/2020,108,6.5,English,English
101,Guilty,Horror/Thriller,03/06/2020,119,5.4,Hindi,Hindi
258,Spenser Confidential,Action,03/06/2020,111,6.2,English,English
514,Sitara: Let Girls Dream,Animation,03/08/2020,15,7.3,English,English
231,Lost Girls,Action,3/13/2020,95,6.1,English,English
324,Altered Carbon: Resleeved,Animation,3/19/2020,74,6.5,Japanese,Japanese
207,Ultras,Drama,3/20/2020,108,5.9,Italian,Italian
393,A Life of Speed: The Juan Manuel Fangio Story,Documentary,3/20/2020,92,6.8,Spanish,Spanish
314,The Occupant,Horror/Thriller,3/25/2020,103,6.4,Spanish,Spanish
556,Crip Camp: A Disability Revolution,Documentary,3/25/2020,108,7.7,English,English
201,Maska,Romance,3/27/2020,111,5.9,Hindi,Hindi
202,The Decline,Horror/Thriller,3/27/2020,83,5.9,French,French
292,Uncorked,Drama,3/27/2020,103,6.3,English,English
41,Sol Levante,Animation,04/02/2020,4,4.7,English,English
62,Coffee & Kareem,Action,04/03/2020,88,5.1,English,English
49,The Main Event,Comedy,04/10/2020,101,4.8,English,English
115,Love Wedding Repeat,Romance,04/10/2020,100,5.5,English,English
344,Tigertail,Drama,04/10/2020,91,6.5,Other,English/Taiwanese/Mandarin
485,LA Originals,Documentary,04/10/2020,92,7.2,English,English
51,Earth and Blood,Action,4/17/2020,80,4.9,French,French
179,Rising High,Other,4/17/2020,94,5.8,German,German
235,Sergio,Biopic,4/17/2020,118,6.1,English,English
315,The Willoughbys,Animation,4/22/2020,90,6.4,English,English
456,Circus of Books,Documentary,4/22/2020,92,7.1,English,English
289,Time to Hunt,Horror/Thriller,4/23/2020,134,6.3,Korean,Korean
373,Extraction,Action,4/24/2020,117,6.7,English,English
304,Murder to Mercy: The Cyntoia Brown Story,Documentary,4/29/2020,97,6.4,English,English
564,A Secret Love,Documentary,4/29/2020,82,7.9,English,English
87,Dangerous Lies,Horror/Thriller,4/30/2020,97,5.3,English,English
178,Rich in Love,Romance,4/30/2020,105,5.8,Portuguese,Portuguese
46,Mrs. Serial Killer,Horror/Thriller,05/01/2020,106,4.8,Hindi,Hindi
165,All Day and a Night,Drama,05/01/2020,121,5.8,English,English
429,The Half of It,Romance,05/01/2020,105,6.9,English,English
397,Becoming,Documentary,05/06/2020,89,6.8,English,English
402,Have a Good Trip: Adventures in Psychedelics,Documentary,05/11/2020,85,6.8,English,English
159,The Wrong Missy,Comedy,5/13/2020,90,5.7,English,English
579,Ben Platt: Live from Radio City Music Hall,Musical,5/20/2020,85,8.4,English,English
239,The Lovebirds,Romance,5/22/2020,87,6.1,English,English
505,I'm No Longer Here,Drama,5/27/2020,105,7.3,Spanish,Spanish
89,Intuition,Horror/Thriller,5/28/2020,116,5.3,Spanish,Spanish
427,Spelling the Dream,Documentary,06/03/2020,83,6.9,English,English
8,The Last Days of American Crime,Action,06/05/2020,149,3.7,English,English
169,Choked: Paisa Bolta Hai,Drama,06/05/2020,114,5.8,Hindi,Hindi
329,Da 5 Bloods,Action,06/12/2020,155,6.5,English,English
152,One Take,Documentary,6/18/2020,85,5.7,Thai,Thai
365,A Whisker Away,Animation,6/18/2020,104,6.7,Japanese,Japanese
133,One-Way to Tomorrow,Romance,6/19/2020,90,5.6,Turkish,Turkish
253,Lost Bullet,Horror/Thriller,6/19/2020,92,6.2,French,French
271,Feel the Beat,Family,6/19/2020,107,6.3,English,English
573,Disclosure: Trans Lives on Screen,Documentary,6/19/2020,107,8.2,English,English
339,Nobody Knows I'm Here,Drama,6/24/2020,91,6.5,Spanish,Spanish
349,Bulbbul,Horror/Thriller,6/24/2020,94,6.6,Hindi,Hindi
543,Athlete A,Documentary,6/24/2020,104,7.6,English,English
331,Eurovision Song Contest: The Story of Fire Saga,Musical,6/26/2020,123,6.5,English,English
107,Under the Riccione Sun,Romance,07/01/2020,101,5.4,Italian,Italian
68,Desperados,Romance,07/03/2020,106,5.2,English,English
506,Mucho Mucho Amor: The Legend of Walter Mercado ,Documentary,07/08/2020,96,7.3,Spanish,Spanish/English
387,The Old Guard,Action,07/10/2020,124,6.7,English,English
428,The Claudia Kishi Club,Documentary,07/10/2020,17,6.9,English,English
37,We Are One,Documentary,7/14/2020,86,4.6,French,French
36,The Players,Comedy,7/15/2020,88,4.6,Italian,Italian
26,Fatal Affair,Horror/Thriller,7/16/2020,89,4.5,English,English
503,Father Soldier Son,Documentary,7/17/2020,100,7.3,English,English
65,The Larva Island Movie,Animation,7/23/2020,90,5.1,English,English
188,The Kissing Booth 2,Romance,7/24/2020,131,5.8,English,English
255,Offering to the Storm,Horror/Thriller,7/24/2020,139,6.2,Spanish,Spanish
530,The Speed Cubers,Documentary,7/29/2020,40,7.4,English,English
28,Seriously Single,Comedy,7/31/2020,107,4.5,English,English
510,Raat Akeli Hai,Horror/Thriller,7/31/2020,149,7.3,Hindi,Hindi
293,Anelka: Misunderstood,Documentary,08/05/2020,94,6.4,French,French
244,Work It,Comedy,08/07/2020,93,6.1,English,English
88,Gunjan Saxena: The Kargil Girl,Drama,08/12/2020,112,5.3,Hindi,Hindi
52,Fearless,Animation,8/14/2020,89,4.9,English,English
214,Project Power,Action,8/14/2020,113,6,English,English
254,Octonauts & the Caves of Sac Actun,Animation,8/14/2020,72,6.2,English,English
249,Crazy Awesome Teachers,Comedy,8/17/2020,101,6.2,Indonesian,Indonesian
302,John Was Trying to Contact Aliens,Documentary,8/20/2020,16,6.4,English,English
362,The Crimes That Bind,Action,8/20/2020,99,6.6,Spanish,Spanish
2,Dark Forces,Horror/Thriller,8/21/2020,81,2.6,Spanish,Spanish
139,The Sleepover,Comedy,8/21/2020,103,5.6,English,English
170,Class of '83,Drama,8/21/2020,98,5.8,Hindi,Hindi
571,Rising Phoenix,Documentary,8/26/2020,106,8.1,English,English
243,Unknown Origins,Horror/Thriller,8/28/2020,96,6.1,Spanish,Spanish
323,All Together Now,Drama,8/28/2020,93,6.5,English,English
99,Freaks: You're One of Us,Sci-Fi/Fantasy,09/02/2020,92,5.4,German,German
132,"Love, Guaranteed",Romance,09/03/2020,91,5.6,English,English
353,I'm Thinking of Ending Things,Horror/Thriller,09/04/2020,134,6.6,English,English
570,My Octopus Teacher,Documentary,09/07/2020,85,8.1,English,English
549,The Social Dilemma,Documentary,09/09/2020,94,7.6,English,English
186,The Babysitter: Killer Queen,Horror/Thriller,09/10/2020,102,5.8,English,English
145,Dad Wanted,Family,09/11/2020,102,5.7,Spanish,Spanish
376,Hope Frozen: A Quest to Live Twice,Documentary,9/15/2020,80,6.7,Other,Thia/English
138,The Paramedic,Horror/Thriller,9/16/2020,94,5.6,Spanish,Spanish
475,The Devil All the Time,Horror/Thriller,9/16/2020,138,7.1,English,English
401,GIMS: On the Record,Documentary,9/17/2020,96,6.8,French,French
13,Whipped,Romance,9/18/2020,97,4.1,Indonesian,Indonesian
98,Dolly Kitty and Those Twinkling Stars,Drama,9/18/2020,120,5.4,Hindi,Hindi
394,A Love Song for Latasha,Documentary,9/21/2020,19,6.8,English,English
407,The Boys in the Band,Drama,9/30/2020,121,6.8,English,English
408,The Boys in the Band: Something Personal,Other,9/30/2020,28,6.8,English,English
480,American Murder: The Family Next Door,Documentary,9/30/2020,82,7.2,English,English
14,All Because of You,Action,10/01/2020,101,4.2,Other,Malay
42,The Binding,Drama,10/02/2020,93,4.7,Italian,Italian
117,Òlòt?ré,Action,10/02/2020,106,5.5,English,English
140,Vampires vs. the Bronx,Horror/Thriller,10/02/2020,86,5.6,English,English
191,You've Got This,Romance,10/02/2020,111,5.8,Spanish,Spanish
406,Serious Men,Drama,10/02/2020,114,6.8,Hindi,Hindi
536,Dick Johnson Is Dead,Documentary,10/02/2020,90,7.5,English,English
584,David Attenborough: A Life on Our Planet,Documentary,10/04/2020,83,9,English,English
75,Hubie Halloween,Comedy,10/07/2020,103,5.2,English,English
416,Bigflo & Oil: Hip Hop Frenzy,Documentary,10/08/2020,100,6.9,French,French
148,Ginny Weds Sunny,Romance,10/09/2020,125,5.7,Hindi,Hindi
493,The 40-Year-Old Version,Comedy,10/09/2020,124,7.2,English,English
507,Octonauts & the Great Barrier Reef,Animation,10/13/2020,47,7.3,English,English
534,Blackpink: Light Up the Sky,Documentary,10/14/2020,79,7.5,Korean,Korean
576,The Three Deaths of Marisela Escobedo,Documentary,10/14/2020,109,8.2,Spanish,Spanish
57,Love Like the Falling Rain,Drama,10/15/2020,86,5,Indonesian,Indonesian
95,A Babysitter's Guide to Monster Hunting,Sci-Fi/Fantasy,10/15/2020,98,5.4,English,English
474,Rooting for Roona,Documentary,10/15/2020,41,7.1,Other,Bengali
563,The Trial of the Chicago 7,Drama,10/16/2020,130,7.8,English,English
215,Rebecca,Romance,10/21/2020,123,6,English,English
60,Cadaver,Horror/Thriller,10/22/2020,86,5.1,Other,Norwegian
307,Over the Moon,Animation,10/23/2020,95,6.4,English,English
134,Sarah Cooper: Everything's Fine,Other,10/27/2020,49,5.6,English,English
464,Guillermo Vilas: Settling the Score,Documentary,10/27/2020,94,7.1,Spanish,Spanish
47,Nobody Sleeps in the Woods Tonight,Horror/Thriller,10/28/2020,103,4.8,Polish,Polish
227,Holidate,Romance,10/28/2020,104,6.1,English,English
513,Secrets of the Saqqara Tomb,Documentary,10/28/2020,114,7.3,Other,English/Arabic
5,Kaali Khuhi,Horror/Thriller,10/30/2020,90,3.4,Hindi,Hindi
54,The Day of the Lord,Drama,10/30/2020,93,4.9,Spanish,Spanish
234,Rogue City,Action,10/30/2020,116,6.1,French,French
333,His House,Horror/Thriller,10/30/2020,93,6.5,English,English
435,I'm No Longer Here: A Discussion with Guillermo del Toro and Alfonso Cuaron,Other,11/03/2020,14,7,English,English
176,Operation Christmas Drop,Romance,11/05/2020,96,5.8,English,English
248,Citation,Drama,11/06/2020,151,6.2,English,English
190,What We Wanted,Drama,11/11/2020,93,5.8,German,German
544,Ludo,Comedy,11/12/2020,149,7.6,Hindi,Hindi
334,Jingle Jangle: A Christmas Journey,Musical,11/13/2020,119,6.5,English,English
409,The Life Ahead,Drama,11/13/2020,95,6.8,Italian,Italian
106,The Princess Switch: Switched Again,Romance,11/19/2020,97,5.4,English,English
245,Alien Xmas,Animation,11/20/2020,42,6.2,English,English
561,If Anything Happens I Love You,Animation,11/20/2020,12,7.8,English,English
69,Dolly Parton's Christmas on the Square,Musical,11/22/2020,98,5.2,English,English
358,Shawn Mendes: In Wonder,Documentary,11/23/2020,83,6.6,English,English
277,Notes for My Son,Drama,11/24/2020,83,6.3,Spanish,Spanish
375,Hillbilly Elegy,Drama,11/24/2020,117,6.7,English,English
216,The Christmas Chronicles: Part Two,Comedy,11/25/2020,115,6,English,English
526,Shawn Mendes: Live in Concert,Musical,11/25/2020,87,7.4,English,English
12,The Call,Drama,11/27/2020,112,4.1,Korean,Korean
83,The Beast,Drama,11/27/2020,99,5.2,Italian,Italian
457,Dance Dreams: Hot Chocolate Nutcracker,Documentary,11/27/2020,80,7.1,English,English
38,Finding Agnes,Drama,11/30/2020,105,4.7,Filipino,Filipino
454,Angela's Christmas Wish,Animation,12/01/2020,47,7.1,English,English
378,Just Another Christmas,Comedy,12/03/2020,101,6.7,Portuguese,Portuguese
7,Leyla Everlasting,Comedy,12/04/2020,112,3.7,Turkish,Turkish
44,Christmas Crossfire,Horror/Thriller,12/04/2020,106,4.8,German,German
421,Mank,Biopic,12/04/2020,132,6.9,English,English
187,The Claus Family,Sci-Fi/Fantasy,12/07/2020,96,5.8,Dutch,Dutch
583,Emicida: AmarElo - It's All For Yesterday,Documentary,12/08/2020,89,8.6,Portuguese,Portuguese
448,Rose Island,Comedy,12/09/2020,117,7,Italian,Italian
205,The Prom,Musical,12/11/2020,132,5.9,English,English
326,Canvas ,Animation,12/11/2020,9,6.5,English,English
374,Giving Voice,Documentary,12/11/2020,90,6.7,English,English
163,A California Christmas,Romance,12/14/2020,107,5.8,English,English
439,Ma Rainey's Black Bottom,Drama,12/18/2020,94,7,English,English
440,Ma Rainey's Black Bottom: A Legacy Brought to Screen,Other,12/18/2020,31,7,English,English
294,"Ariana Grande: Excuse Me, I Love You",Musical,12/21/2020,97,6.4,English,English
137,The Midnight Sky,Sci-Fi/Fantasy,12/23/2020,118,5.6,English,English
414,AK vs AK,Horror/Thriller,12/24/2020,108,6.9,Hindi,Hindi
43,We Can Be Heroes,Action,12/25/2020,100,4.7,English,English
400,Death to 2020,Comedy,12/27/2020,70,6.8,English,English
418,Cops and Robbers,Animation,12/28/2020,7,6.9,English,English
19,What Happened to Mr. Cha?,Comedy,01/01/2021,102,4.3,Korean,Korean
203,The Minimalists: Less Is Now,Documentary,01/01/2021,53,5.9,English,English
413,Tony Parker: The Final Shot,Documentary,01/06/2021,98,6.8,French,French
471,Pieces of a Woman,Drama,01/07/2021,126,7.1,English,English
236,Stuck Apart,Drama,01/08/2021,96,6.1,Turkish,Turkish
372,"Crack: Cocaine, Corruption & Conspiracy",Documentary,01/11/2021,89,6.7,English,English
312,The Heartbreak Club,Comedy,1/14/2021,101,6.4,Indonesian,Indonesian
105,Outside the Wire,Sci-Fi/Fantasy,1/15/2021,114,5.4,English,English
129,Double Dad,Comedy,1/15/2021,103,5.6,Portuguese,Portuguese
242,Tribhanga – Tedhi Medhi Crazy,Drama,1/15/2021,95,6.1,Hindi,Hindi
364,What Would Sophia Loren Do?,Documentary,1/15/2021,32,6.6,English,English
478,The White Tiger,Drama,1/22/2021,125,7.1,English,English
274,June & Kopi,Drama,1/28/2021,90,6.3,Indonesian,Indonesian
226,Finding 'Ohana,Family,1/29/2021,123,6.1,English,English
247,Below Zero,Drama,1/29/2021,106,6.2,Spanish,Spanish
476,The Dig,Drama,1/29/2021,112,7.1,English,English
81,"Strip Down, Rise Up",Documentary,02/05/2021,112,5.2,English,English
136,The Last Paradiso,Romance,02/05/2021,107,5.6,Italian,Italian
359,Space Sweepers,Sci-Fi/Fantasy,02/05/2021,136,6.6,Korean,Korean
380,Malcolm & Marie,Romance,02/05/2021,106,6.7,English,English
29,The Misadventures of Hedi and Cokeman,Comedy,02/10/2021,99,4.5,French,French
59,Squared Love,Romance,02/11/2021,102,5,Polish,Polish
118,Red Dot,Horror/Thriller,02/11/2021,86,5.5,Swedish,Swedish
303,Layla Majnun,Romance,02/11/2021,119,6.4,Indonesian,Indonesian
290,To All the Boys: Always and Forever,Romance,02/12/2021,109,6.3,English,English
442,Pele,Documentary,2/23/2021,108,7,English,English
64,Geez & Ann,Romance,2/25/2021,105,5.1,Indonesian,Indonesian
24,The Girl on the Train,Horror/Thriller,2/26/2021,120,4.4,Hindi,Hindi
350,Crazy About Her,Romance,2/26/2021,102,6.6,Spanish,Spanish
417,Biggie: I Got a Story to Tell,Documentary,03/01/2021,97,6.9,English,English
382,Moxie,Drama,03/03/2021,111,6.7,English,English
40,Sentinelle,Action,03/05/2021,80,4.7,French,French
161,Yes Day,Comedy,03/12/2021,86,5.7,English,English
384,Paper Lives,Drama,03/12/2021,97,6.7,Turkish,Turkish
441,Operation Varsity Blues: The College Admissions Scandal,Documentary,3/17/2021,99,7,English,English
272,Get the Goat,Comedy,3/18/2021,97,6.3,Portuguese,Portuguese
575,Seaspiracy,Documentary,3/24/2021,89,8.2,English,English
143,Caught by a Wave,Romance,3/25/2021,99,5.7,Italian,Italian
142,A Week Away,Musical,3/26/2021,97,5.7,English,English
347,Bad Trip,Comedy,3/26/2021,86,6.6,English,English
424,Pagglait,Comedy,3/26/2021,114,6.9,Hindi,Hindi
237,Tersanjung the Movie,Drama,04/01/2021,114,6.1,Indonesian,Indonesian
27,Just Say Yes,Romance,04/02/2021,97,4.5,Dutch,Dutch
103,Madame Claude,Drama,04/02/2021,112,5.4,French,French
270,Concrete Cowboy,Drama,04/02/2021,111,6.3,English,English
330,Dolly Parton: A MusiCares Tribute,Documentary,04/07/2021,55,6.5,English,English
25,Thunder Force,Action,04/09/2021,105,4.4,English,English
250,Have You Ever Seen Fireflies?,Comedy,04/09/2021,114,6.2,Turkish,Turkish
383,Night in Paradise,Drama,04/09/2021,132,6.7,Korean,Korean
141,Why Did You Kill Me?,Documentary,4/14/2021,83,5.6,English,English
155,Prime Time,Horror/Thriller,4/14/2021,91,5.7,Polish,Polish
119,Ride or Die,Horror/Thriller,4/15/2021,142,5.5,Japanese,Japanese
366,Ajeeb Daastaans,Drama,4/16/2021,142,6.7,Hindi,Hindi
367,Arlo the Alligator Boy,Musical,4/16/2021,92,6.7,English,English
327,Chadwick Boseman: Portrait of an Artist,Documentary,4/17/2021,21,6.5,English,English
11,Searching for Sheela,Documentary,4/22/2021,58,4.1,English,English
111,Get the Grift,Comedy,4/28/2021,94,5.5,Portuguese,Portuguese
91,Things Heard & Seen,Horror/Thriller,4/29/2021,121,5.3,English,English
494,The Disciple,Drama,4/30/2021,129,7.2,Marathi,Marathi
337,Monster,Drama,05/07/2021,98,6.5,English,English
355,Milestone,Drama,05/07/2021,98,6.6,Hindi,Hindi
341,Oxygen,Sci-Fi/Fantasy,05/12/2021,101,6.5,French,French
158,The Woman in the Window,Horror/Thriller,5/14/2021,100,5.7,English,English
173,I Am All Girls,Horror/Thriller,5/14/2021,107,5.8,English,English
462,Ferry,Action,5/14/2021,106,7.1,Dutch,Dutch
10,Sardar Ka Grandson,Comedy,5/18/2021,139,4.1,Hindi,Hindi
195,Army of the Dead,Action,5/21/2021,148,5.9,English,English
72,Ghost Lab,Horror/Thriller,5/26/2021,117,5.2,Thai,Thai
246,Baggio: The Divine Ponytail,Biopic,5/26/2021,92,6.2,Italian,Italian
276,Nail Bomber: Manhunt,Documentary,5/26/2021,72,6.3,English,English
370,Blue Miracle,Drama,5/27/2021,95,6.7,English,English
